pores,kappa_true,kappa_pred,error
"[0. 1. 0. 1. 0. 1. 0. 0. 0. 1. 0. 1. 0. 0. 0. 0. 0. 0. 0. 0. 1. 1. 0. 0.
 0.]",37.88271,36.039154,0.051154237
"[1. 0. 1. 1. 0. 0. 0. 0. 0. 1. 0. 0. 1. 0. 0. 0. 0. 1. 0. 1. 0. 0. 1. 0.
 0.]",34.393044,38.33445,0.1028163
"[0. 0. 1. 1. 1. 1. 1. 1. 0. 1. 0. 1. 1. 1. 0. 0. 0. 1. 0. 0. 0. 1. 0. 0.
 0.]",21.160744,21.821178,0.030265767
"[0. 0. 1. 0. 0. 0. 0. 1. 1. 1. 0. 0. 1. 0. 1. 0. 1. 0. 1. 0. 0. 0. 1. 1.
 1.]",29.461172,29.921108,0.015371628
"[1. 1. 0. 1. 1. 0. 1. 1. 0. 1. 1. 0. 1. 1. 1. 1. 0. 1. 0. 1. 1. 0. 0. 0.
 1.]",18.117865,17.860868,0.014388783
"[0. 0. 1. 1. 1. 1. 0. 1. 1. 1. 1. 0. 0. 1. 1. 1. 0. 1. 0. 1. 1. 1. 0. 0.
 1.]",18.68211,19.583715,0.04603854
"[0. 0. 1. 1. 0. 0. 0. 1. 1. 0. 1. 0. 0. 1. 0. 1. 1. 1. 1. 0. 1. 1. 1. 1.
 0.]",26.040392,21.187626,0.22903775
"[1. 1. 0. 0. 1. 0. 1. 1. 1. 1. 1. 0. 1. 1. 0. 0. 0. 0. 0. 0. 1. 1. 1. 0.
 0.]",19.841293,20.591465,0.036431193
"[1. 0. 1. 0. 0. 0. 1. 1. 0. 0. 0. 1. 1. 1. 0. 1. 1. 0. 1. 0. 0. 1. 0. 1.
 1.]",22.38477,21.2524,0.053281985
"[1. 0. 0. 1. 1. 1. 1. 0. 0. 1. 1. 0. 0. 1. 1. 0. 0. 0. 0. 1. 0. 0. 1. 0.
 1.]",24.259846,24.488249,0.009327048
"[0. 0. 1. 1. 0. 0. 1. 1. 1. 1. 1. 1. 1. 1. 1. 1. 1. 0. 0. 0. 1. 0. 0. 1.
 1.]",16.482111,17.305126,0.04755904
"[1. 0. 1. 0. 0. 1. 0. 0. 1. 0. 0. 0. 1. 1. 1. 1. 1. 1. 1. 0. 0. 1. 0. 0.
 0.]",21.945646,23.874718,0.08079976
"[0. 0. 1. 0. 1. 0. 0. 0. 0. 1. 1. 0. 1. 0. 1. 0. 0. 0. 0. 0. 0. 1. 1. 1.
 0.]",29.71181,29.718182,0.0002144294
"[0. 0. 0. 0. 1. 0. 0. 0. 0. 1. 0. 0. 0. 0. 0. 0. 0. 0. 0. 0. 0. 0. 0. 1.
 0.]",68.9533,67.696625,0.018563343
"[0. 0. 0. 0. 0. 0. 0. 0. 0. 0. 0. 0. 1. 1. 0. 0. 1. 0. 1. 0. 0. 0. 0. 1.
 1.]",41.39425,44.827713,0.076592445
"[1. 0. 0. 1. 0. 1. 0. 1. 1. 0. 0. 0. 1. 0. 0. 1. 1. 0. 0. 1. 0. 1. 0. 1.
 1.]",23.942678,21.997208,0.088441715
"[0. 1. 0. 0. 0. 0. 0. 0. 1. 1. 0. 0. 0. 0. 0. 0. 0. 0. 0. 0. 0. 0. 0. 0.
 0.]",57.254562,56.750114,0.008888933
"[1. 1. 0. 1. 0. 0. 1. 1. 0. 0. 0. 1. 1. 0. 0. 0. 1. 0. 1. 0. 1. 1. 1. 1.
 1.]",20.006468,20.699963,0.033502225
"[0. 0. 1. 0. 1. 1. 0. 0. 0. 1. 1. 0. 1. 1. 1. 0. 0. 0. 0. 1. 1. 0. 0. 1.
 0.]",26.974186,27.127924,0.0056671505
"[0. 1. 0. 1. 0. 0. 1. 1. 1. 0. 0. 1. 0. 0. 1. 1. 1. 1. 0. 0. 1. 0. 0. 0.
 0.]",25.563328,25.406324,0.006179698
"[0. 1. 1. 0. 0. 1. 1. 0. 1. 0. 1. 1. 1. 1. 0. 0. 0. 1. 0. 1. 1. 0. 1. 0.
 1.]",20.96241,19.805061,0.058437012
"[1. 0. 0. 1. 1. 0. 1. 1. 0. 1. 1. 1. 1. 0. 1. 1. 0. 1. 1. 1. 1. 1. 1. 0.
 0.]",15.778898,15.56197,0.013939654
"[0. 1. 0. 0. 0. 0. 1. 0. 1. 0. 1. 1. 0. 1. 1. 1. 1. 0. 0. 1. 0. 1. 0. 1.
 1.]",24.016136,22.109022,0.08625954
"[1. 0. 0. 1. 1. 1. 1. 0. 0. 1. 0. 1. 0. 0. 0. 0. 0. 0. 1. 1. 0. 0. 1. 1.
 0.]",25.730658,25.838459,0.004172131
"[1. 1. 1. 1. 1. 1. 0. 0. 0. 0. 0. 0. 0. 1. 1. 1. 0. 1. 0. 0. 0. 1. 1. 1.
 1.]",17.514925,18.726643,0.06470554
"[0. 0. 0. 1. 0. 0. 0. 1. 1. 0. 0. 0. 1. 1. 0. 0. 0. 0. 1. 0. 1. 1. 1. 0.
 1.]",27.13123,26.490591,0.024183618
"[0. 1. 1. 1. 0. 1. 1. 0. 1. 0. 0. 0. 0. 1. 1. 0. 0. 0. 1. 0. 1. 1. 1. 0.
 1.]",19.90351,22.06295,0.09787635
"[0. 1. 0. 0. 0. 0. 0. 1. 0. 0. 0. 0. 0. 0. 0. 0. 1. 0. 0. 1. 0. 1. 0. 1.
 1.]",37.12313,35.707123,0.039656177
"[1. 1. 0. 1. 1. 1. 1. 0. 0. 0. 0. 0. 1. 1. 1. 0. 1. 1. 0. 0. 0. 0. 1. 1.
 0.]",19.974146,21.011509,0.049371183
"[0. 0. 1. 0. 0. 1. 1. 1. 0. 1. 0. 1. 0. 1. 1. 0. 1. 0. 1. 0. 1. 0. 1. 0.
 1.]",20.927475,21.081564,0.007309181
"[1. 1. 0. 1. 0. 0. 0. 0. 0. 0. 1. 0. 0. 1. 0. 0. 0. 0. 1. 0. 0. 0. 0. 0.
 0.]",42.061855,42.815804,0.01760911
"[0. 0. 0. 0. 0. 0. 0. 1. 1. 0. 1. 0. 1. 0. 0. 0. 0. 0. 0. 1. 1. 0. 0. 0.
 0.]",41.186665,38.13572,0.0800023
"[1. 1. 1. 0. 0. 0. 0. 1. 0. 0. 1. 0. 0. 1. 1. 0. 0. 0. 0. 0. 0. 1. 0. 1.
 0.]",27.86776,28.85102,0.034080636
"[0. 0. 1. 0. 0. 1. 0. 0. 1. 1. 0. 0. 0. 1. 0. 0. 1. 0. 0. 0. 1. 1. 0. 0.
 0.]",31.545868,32.311626,0.023699163
"[0. 0. 1. 1. 1. 0. 0. 0. 1. 0. 1. 0. 1. 0. 1. 1. 1. 0. 1. 1. 0. 1. 0. 0.
 0.]",22.186722,21.982525,0.009289057
"[1. 1. 0. 0. 0. 1. 1. 1. 0. 0. 0. 1. 1. 0. 0. 0. 0. 0. 1. 0. 1. 0. 0. 0.
 0.]",34.971825,34.51974,0.013096378
"[0. 0. 1. 0. 1. 0. 0. 0. 1. 1. 0. 1. 0. 0. 1. 1. 0. 0. 1. 0. 1. 0. 1. 0.
 0.]",28.15349,28.372242,0.0077100676
"[0. 1. 1. 0. 0. 0. 0. 1. 1. 0. 1. 0. 0. 0. 1. 1. 0. 1. 1. 1. 1. 0. 0. 0.
 0.]",23.263996,22.965076,0.013016271
"[0. 0. 0. 1. 0. 0. 0. 1. 0. 0. 0. 1. 0. 0. 1. 0. 0. 1. 0. 0. 0. 1. 0. 0.
 0.]",41.468414,43.329247,0.04294633
"[0. 1. 0. 1. 1. 0. 0. 1. 0. 0. 1. 0. 1. 1. 1. 1. 1. 1. 1. 0. 0. 1. 0. 0.
 1.]",19.009043,19.797039,0.039803743
"[0. 0. 1. 0. 0. 1. 0. 0. 1. 1. 0. 1. 1. 1. 0. 0. 1. 1. 1. 0. 0. 1. 1. 0.
 1.]",21.943296,20.917242,0.049053043
"[1. 1. 0. 1. 1. 1. 1. 1. 0. 0. 1. 0. 1. 0. 1. 1. 1. 0. 0. 0. 0. 1. 1. 0.
 0.]",28.453363,20.32185,0.4001365
"[0. 0. 0. 0. 1. 1. 0. 1. 1. 1. 0. 0. 0. 1. 1. 0. 0. 0. 1. 0. 0. 0. 1. 0.
 0.]",31.41289,32.055817,0.02005649
"[0. 1. 1. 1. 1. 1. 0. 1. 1. 1. 0. 0. 0. 1. 0. 0. 0. 0. 1. 0. 0. 1. 1. 0.
 1.]",21.175873,21.717848,0.024955282
"[0. 0. 0. 0. 1. 0. 0. 1. 1. 0. 0. 1. 1. 0. 0. 1. 0. 1. 1. 1. 1. 1. 1. 0.
 0.]",20.897118,21.030249,0.0063304543
"[1. 0. 0. 0. 1. 0. 1. 1. 0. 0. 1. 1. 1. 1. 0. 1. 1. 1. 0. 0. 1. 0. 1. 0.
 0.]",22.62761,22.808792,0.007943554
"[1. 0. 1. 1. 0. 1. 1. 0. 0. 1. 0. 1. 0. 0. 1. 0. 1. 0. 0. 1. 1. 0. 1. 1.
 1.]",20.767082,20.915512,0.0070966403
"[1. 0. 1. 1. 1. 1. 1. 1. 1. 0. 0. 0. 0. 1. 0. 1. 0. 1. 1. 0. 1. 0. 1. 1.
 1.]",18.178123,18.561848,0.020672739
"[1. 1. 0. 1. 0. 1. 0. 0. 0. 0. 1. 1. 1. 0. 1. 1. 0. 0. 0. 0. 1. 0. 1. 1.
 0.]",23.290583,24.573662,0.05221359
"[1. 1. 0. 1. 0. 1. 0. 1. 0. 0. 0. 0. 0. 1. 0. 1. 0. 0. 0. 1. 0. 1. 1. 0.
 0.]",25.535532,25.503906,0.0012400354
"[0. 0. 1. 0. 0. 1. 1. 1. 1. 0. 0. 1. 0. 1. 0. 0. 0. 1. 1. 1. 1. 0. 1. 0.
 1.]",21.741053,22.110859,0.016725099
"[0. 1. 0. 1. 1. 0. 1. 1. 0. 1. 1. 1. 0. 0. 0. 0. 0. 1. 0. 0. 0. 0. 1. 0.
 1.]",33.71209,25.717106,0.31088194
"[0. 1. 1. 0. 1. 0. 1. 1. 1. 0. 0. 1. 1. 0. 1. 1. 1. 0. 1. 0. 1. 1. 1. 0.
 1.]",25.045137,17.60537,0.42258516
"[1. 1. 0. 1. 1. 1. 1. 0. 0. 1. 0. 1. 0. 0. 0. 0. 1. 0. 1. 0. 0. 0. 1. 1.
 0.]",23.496096,24.715607,0.04934174
"[0. 0. 1. 0. 0. 0. 0. 0. 1. 0. 0. 0. 0. 1. 0. 1. 0. 0. 1. 1. 0. 0. 0. 0.
 0.]",41.558468,41.76658,0.0049827113
"[0. 1. 1. 1. 0. 1. 1. 0. 1. 0. 0. 1. 1. 1. 1. 0. 1. 0. 1. 1. 1. 0. 1. 0.
 0.]",18.865343,18.919102,0.0028414996
"[0. 0. 1. 0. 0. 1. 0. 0. 0. 0. 0. 0. 0. 0. 0. 1. 0. 0. 0. 0. 0. 0. 0. 1.
 0.]",53.310635,52.214207,0.020998651
"[1. 0. 0. 0. 0. 1. 0. 1. 1. 1. 0. 0. 0. 1. 0. 1. 1. 1. 0. 1. 0. 1. 1. 0.
 1.]",20.44942,19.398962,0.054150265
"[0. 0. 0. 0. 0. 1. 1. 1. 1. 0. 1. 0. 0. 0. 1. 0. 0. 0. 1. 1. 0. 1. 0. 0.
 0.]",25.503517,26.246662,0.028313886
"[0. 0. 0. 1. 0. 1. 1. 1. 0. 0. 0. 0. 0. 1. 0. 1. 0. 0. 1. 0. 1. 1. 1. 1.
 1.]",20.182262,21.315998,0.05318708
"[0. 0. 1. 1. 0. 0. 1. 1. 0. 0. 0. 1. 1. 1. 0. 1. 1. 1. 0. 0. 0. 1. 0. 1.
 0.]",29.135447,26.830856,0.08589328
"[0. 0. 0. 1. 1. 1. 1. 0. 0. 1. 1. 0. 1. 0. 1. 1. 0. 0. 0. 1. 0. 1. 0. 1.
 0.]",23.754084,23.087883,0.02885499
"[0. 1. 0. 0. 0. 0. 1. 0. 0. 0. 1. 1. 0. 0. 0. 0. 0. 0. 0. 0. 0. 0. 0. 0.
 0.]",61.62225,63.810814,0.0342977
"[0. 0. 0. 0. 0. 1. 0. 0. 0. 0. 0. 0. 1. 0. 0. 0. 1. 1. 1. 0. 1. 0. 0. 0.
 0.]",40.22804,40.966167,0.018018005
"[0. 0. 0. 1. 1. 0. 0. 0. 1. 0. 0. 1. 1. 0. 0. 0. 0. 0. 0. 1. 1. 0. 1. 1.
 1.]",26.976309,27.635036,0.023836685
"[0. 0. 1. 0. 1. 0. 0. 1. 1. 0. 1. 1. 0. 1. 0. 1. 1. 1. 0. 1. 0. 1. 0. 0.
 0.]",23.152058,22.668373,0.021337418
"[0. 0. 0. 0. 1. 1. 0. 0. 1. 0. 0. 1. 0. 1. 0. 0. 1. 1. 0. 0. 1. 1. 0. 1.
 0.]",27.5117,29.076965,0.05383181
"[0. 0. 1. 1. 0. 0. 1. 0. 1. 1. 0. 1. 1. 1. 1. 1. 1. 1. 1. 1. 0. 1. 1. 0.
 1.]",16.554525,16.798641,0.01453188
"[0. 0. 1. 0. 0. 1. 0. 1. 1. 1. 0. 1. 0. 0. 1. 0. 0. 1. 0. 0. 0. 1. 1. 1.
 1.]",21.944345,22.225304,0.012641365
"[0. 1. 0. 1. 1. 1. 0. 0. 1. 1. 0. 0. 1. 1. 1. 1. 0. 1. 0. 1. 0. 0. 0. 1.
 0.]",22.862818,23.123997,0.011294716
"[0. 0. 0. 1. 1. 0. 1. 1. 0. 0. 0. 1. 1. 0. 1. 1. 1. 1. 0. 1. 1. 1. 1. 0.
 1.]",19.324717,19.123295,0.0105327945
"[0. 1. 1. 1. 0. 0. 1. 1. 1. 0. 1. 1. 0. 1. 0. 1. 1. 0. 0. 1. 1. 1. 0. 1.
 1.]",18.44245,19.195185,0.03921479
"[1. 1. 0. 0. 1. 0. 1. 0. 0. 1. 1. 1. 1. 0. 1. 0. 0. 1. 1. 0. 1. 1. 0. 0.
 1.]",20.19836,19.774105,0.021455098
"[1. 1. 0. 0. 1. 0. 0. 1. 0. 1. 0. 1. 1. 1. 1. 1. 1. 0. 1. 1. 1. 1. 1. 1.
 1.]",16.028303,14.69326,0.09086091
"[0. 1. 1. 0. 1. 1. 1. 1. 1. 1. 0. 0. 0. 0. 1. 1. 0. 1. 1. 1. 1. 0. 0. 0.
 0.]",18.119102,19.135483,0.053114954
"[1. 1. 0. 0. 0. 0. 1. 0. 1. 1. 0. 1. 1. 0. 0. 0. 0. 0. 1. 1. 1. 1. 0. 0.
 0.]",23.56116,25.633793,0.080855526
"[0. 0. 1. 1. 1. 1. 0. 0. 0. 1. 0. 0. 0. 1. 0. 0. 1. 1. 0. 1. 1. 0. 0. 1.
 1.]",22.171347,23.20826,0.044678617
"[1. 0. 0. 0. 0. 1. 0. 1. 0. 0. 0. 0. 1. 1. 0. 1. 0. 1. 0. 0. 1. 0. 1. 1.
 0.]",33.45992,33.581966,0.0036343145
"[0. 0. 1. 0. 0. 0. 0. 0. 0. 1. 0. 0. 0. 0. 0. 0. 0. 1. 0. 0. 0. 0. 0. 0.
 0.]",64.57172,63.27367,0.02051479
"[0. 1. 0. 1. 0. 1. 1. 1. 1. 1. 1. 0. 0. 1. 0. 1. 0. 0. 0. 0. 1. 1. 1. 1.
 0.]",18.868807,19.587048,0.03666917
"[1. 0. 1. 1. 1. 0. 0. 0. 1. 0. 1. 0. 0. 1. 1. 0. 1. 0. 1. 1. 0. 0. 1. 1.
 1.]",21.375132,19.787128,0.08025435
"[0. 0. 1. 1. 0. 1. 0. 0. 1. 1. 1. 0. 1. 0. 1. 1. 0. 0. 1. 1. 1. 0. 0. 1.
 1.]",23.813873,22.607819,0.053346798
"[0. 1. 1. 1. 1. 1. 1. 1. 1. 0. 1. 0. 1. 0. 0. 1. 0. 0. 0. 0. 1. 1. 0. 1.
 0.]",19.99377,21.216892,0.057648484
"[1. 0. 0. 1. 0. 0. 0. 0. 1. 1. 0. 1. 0. 0. 0. 1. 1. 1. 1. 1. 0. 0. 0. 1.
 0.]",22.131315,21.605846,0.024320677
"[1. 0. 0. 0. 0. 0. 0. 0. 0. 0. 0. 1. 0. 0. 0. 0. 0. 0. 0. 0. 1. 0. 0. 0.
 0.]",68.557335,71.88092,0.04623738
"[0. 1. 1. 1. 0. 0. 1. 0. 1. 0. 0. 0. 1. 1. 1. 0. 1. 1. 0. 0. 1. 0. 0. 1.
 1.]",20.517868,21.236563,0.033842325
"[0. 1. 1. 0. 1. 1. 1. 0. 0. 1. 0. 1. 0. 0. 1. 0. 1. 1. 0. 0. 1. 0. 0. 0.
 0.]",28.188705,27.823015,0.0131434435
"[1. 1. 0. 1. 0. 1. 1. 0. 0. 1. 0. 1. 1. 1. 1. 1. 0. 0. 1. 0. 1. 1. 1. 0.
 1.]",16.968403,16.58778,0.02294598
"[1. 0. 1. 0. 1. 1. 1. 1. 1. 1. 1. 1. 0. 0. 0. 1. 0. 1. 0. 0. 1. 0. 0. 0.
 0.]",20.360378,21.769627,0.064734615
"[0. 0. 0. 0. 1. 0. 0. 0. 1. 1. 1. 1. 0. 1. 0. 0. 1. 0. 0. 1. 0. 1. 1. 1.
 1.]",23.595928,26.476276,0.10878978
"[0. 0. 1. 0. 1. 1. 0. 1. 0. 0. 1. 0. 1. 0. 1. 1. 1. 0. 0. 0. 1. 0. 0. 1.
 1.]",24.55367,23.357761,0.051199663
"[1. 0. 0. 0. 1. 0. 0. 1. 1. 0. 0. 1. 1. 0. 0. 0. 0. 0. 0. 1. 1. 1. 1. 1.
 0.]",21.93323,21.394344,0.025188204
"[0. 1. 0. 1. 0. 0. 1. 0. 0. 0. 0. 0. 0. 0. 0. 0. 0. 0. 0. 0. 0. 1. 1. 0.
 0.]",47.96411,49.429127,0.029638708
"[0. 1. 1. 1. 1. 1. 0. 1. 0. 0. 0. 0. 1. 0. 1. 1. 0. 0. 0. 1. 1. 1. 1. 0.
 0.]",20.790274,21.165073,0.017708406
"[1. 0. 1. 1. 1. 0. 1. 0. 0. 1. 0. 1. 1. 0. 0. 0. 0. 0. 1. 0. 0. 0. 0. 1.
 1.]",25.355444,24.202625,0.047631968
"[1. 0. 0. 1. 1. 0. 1. 0. 1. 0. 1. 0. 0. 0. 0. 0. 1. 0. 0. 1. 0. 1. 1. 0.
 0.]",26.034826,27.670883,0.059125576
"[1. 1. 0. 0. 1. 0. 0. 1. 0. 1. 0. 0. 1. 1. 0. 0. 0. 0. 0. 1. 0. 1. 0. 0.
 0.]",28.594051,28.504616,0.0031375822
"[1. 1. 1. 0. 0. 1. 0. 0. 1. 0. 0. 0. 1. 0. 0. 1. 1. 0. 1. 0. 0. 1. 1. 1.
 1.]",20.406933,20.943974,0.025641777
"[0. 0. 0. 0. 1. 0. 0. 0. 0. 0. 0. 0. 0. 0. 0. 0. 1. 1. 0. 0. 0. 0. 0. 0.
 0.]",60.13892,59.094467,0.017674288
"[0. 1. 1. 1. 0. 1. 1. 0. 1. 1. 1. 1. 0. 1. 0. 0. 1. 1. 1. 0. 0. 1. 0. 0.
 1.]",18.43993,18.742722,0.016155155
"[0. 0. 1. 0. 1. 1. 0. 1. 1. 0. 0. 1. 1. 0. 1. 1. 1. 0. 0. 0. 1. 1. 0. 0.
 1.]",21.885689,22.18302,0.013403534
"[0. 1. 1. 0. 0. 0. 0. 0. 0. 0. 0. 0. 0. 0. 0. 0. 0. 0. 0. 1. 1. 0. 0. 1.
 0.]",39.90773,41.31135,0.03397666
"[1. 0. 1. 0. 0. 0. 0. 0. 1. 0. 0. 0. 1. 0. 0. 1. 0. 1. 1. 1. 1. 0. 0. 1.
 1.]",36.080784,24.374256,0.48028246
"[0. 0. 0. 1. 0. 1. 0. 0. 1. 0. 0. 0. 0. 1. 1. 0. 1. 0. 0. 0. 1. 0. 1. 1.
 0.]",38.542137,31.103897,0.23914173
"[0. 0. 0. 0. 1. 1. 1. 1. 0. 0. 0. 0. 0. 0. 1. 0. 0. 0. 0. 1. 0. 0. 0. 0.
 0.]",37.887466,41.149483,0.07927235
"[0. 0. 0. 0. 0. 0. 0. 1. 0. 0. 0. 0. 0. 0. 0. 0. 0. 0. 1. 1. 0. 1. 0. 0.
 0.]",49.020653,51.421642,0.0466922
"[1. 0. 1. 0. 1. 0. 1. 0. 0. 1. 0. 1. 0. 0. 1. 0. 1. 0. 0. 0. 1. 1. 0. 0.
 0.]",32.492847,34.000397,0.04433917
"[1. 0. 0. 0. 0. 0. 0. 1. 1. 1. 1. 0. 0. 1. 0. 1. 1. 1. 1. 1. 0. 1. 0. 0.
 0.]",19.928776,20.910213,0.046935804
"[1. 0. 0. 1. 1. 1. 0. 1. 0. 1. 1. 0. 0. 0. 1. 1. 0. 0. 1. 1. 0. 0. 0. 1.
 0.]",28.126844,27.296263,0.030428402
"[1. 1. 0. 1. 0. 0. 1. 0. 0. 1. 0. 1. 1. 1. 1. 0. 0. 0. 1. 0. 0. 1. 0. 0.
 0.]",24.392462,24.850758,0.018441925
"[0. 1. 0. 0. 1. 0. 1. 0. 1. 0. 1. 1. 0. 1. 1. 1. 1. 0. 1. 1. 0. 1. 1. 0.
 0.]",20.343786,20.292225,0.0025409414
"[1. 1. 1. 0. 0. 0. 1. 0. 1. 0. 0. 1. 0. 0. 0. 0. 0. 1. 0. 0. 1. 0. 1. 1.
 1.]",23.32597,25.803766,0.09602461
"[0. 0. 0. 0. 0. 0. 0. 0. 0. 0. 0. 0. 0. 0. 0. 0. 0. 0. 0. 0. 0. 0. 0. 0.
 0.]",157.07578,156.94872,0.0008095634
"[1. 0. 0. 1. 1. 1. 1. 0. 1. 1. 1. 0. 1. 1. 1. 1. 1. 0. 0. 0. 0. 1. 0. 0.
 0.]",19.189825,19.804703,0.031047055
"[0. 0. 1. 1. 1. 1. 0. 1. 0. 1. 1. 0. 1. 0. 0. 1. 1. 0. 0. 1. 1. 1. 1. 1.
 1.]",17.65081,17.202198,0.026078774
"[1. 0. 0. 1. 1. 0. 1. 0. 0. 1. 1. 0. 0. 0. 1. 0. 1. 0. 1. 0. 1. 1. 1. 0.
 1.]",20.594551,21.455318,0.040119067
"[0. 1. 0. 0. 1. 0. 0. 0. 0. 0. 1. 0. 0. 0. 0. 1. 0. 0. 0. 0. 0. 0. 0. 1.
 0.]",45.39002,46.22059,0.017969701
"[1. 1. 0. 0. 1. 0. 1. 1. 1. 1. 1. 0. 0. 0. 1. 1. 0. 1. 0. 0. 0. 0. 1. 0.
 0.]",21.615742,21.369076,0.011543127
"[1. 1. 1. 1. 0. 0. 1. 0. 1. 1. 1. 0. 1. 1. 1. 0. 0. 1. 1. 1. 1. 1. 1. 0.
 0.]",16.743847,17.561428,0.046555508
"[0. 0. 1. 0. 0. 0. 0. 0. 0. 0. 1. 0. 1. 1. 0. 0. 1. 0. 0. 0. 0. 1. 1. 0.
 0.]",38.28085,40.174942,0.04714612
"[1. 1. 0. 1. 0. 1. 0. 1. 1. 1. 1. 0. 1. 0. 1. 0. 0. 1. 0. 1. 0. 0. 1. 1.
 1.]",19.610851,19.006031,0.031822544
"[0. 1. 1. 0. 1. 1. 1. 0. 0. 1. 0. 0. 0. 0. 1. 0. 0. 0. 1. 1. 0. 1. 0. 1.
 0.]",25.624474,25.892143,0.010337872
"[1. 1. 1. 1. 1. 1. 0. 1. 0. 0. 0. 0. 0. 0. 1. 1. 0. 0. 1. 1. 0. 0. 0. 1.
 1.]",20.522505,22.44706,0.085737504
"[0. 1. 0. 0. 0. 1. 0. 0. 0. 1. 0. 0. 0. 1. 1. 0. 0. 1. 1. 0. 0. 0. 1. 0.
 1.]",30.288977,29.981722,0.010248071
"[1. 0. 1. 1. 0. 1. 1. 0. 0. 0. 1. 0. 1. 0. 0. 0. 0. 1. 1. 0. 0. 1. 0. 1.
 0.]",28.556969,25.750824,0.108973004
"[1. 1. 0. 1. 1. 0. 1. 1. 1. 1. 1. 0. 0. 0. 1. 1. 0. 0. 0. 0. 1. 0. 1. 1.
 0.]",18.683674,19.71863,0.0524862
"[1. 1. 1. 0. 1. 1. 0. 0. 1. 1. 0. 0. 1. 1. 0. 0. 1. 0. 0. 0. 0. 0. 0. 0.
 0.]",24.385736,24.050838,0.0139245875
"[0. 0. 0. 0. 1. 0. 0. 1. 0. 0. 0. 1. 0. 1. 0. 1. 0. 1. 0. 0. 0. 0. 0. 0.
 0.]",39.000088,37.714188,0.034095924
"[1. 0. 0. 0. 1. 1. 1. 1. 0. 0. 0. 0. 1. 0. 0. 0. 0. 1. 1. 1. 1. 1. 0. 1.
 0.]",22.826466,22.306854,0.023293799
"[1. 1. 1. 1. 0. 0. 0. 0. 1. 1. 1. 1. 1. 1. 1. 0. 1. 0. 0. 0. 0. 1. 1. 1.
 0.]",17.0808,17.694935,0.03470687
"[1. 0. 1. 1. 1. 1. 0. 1. 0. 1. 0. 1. 1. 1. 0. 0. 1. 0. 1. 1. 0. 0. 1. 0.
 1.]",19.64407,18.67719,0.051767897
"[1. 0. 0. 1. 1. 0. 0. 1. 0. 1. 1. 1. 1. 0. 1. 0. 1. 1. 0. 0. 0. 1. 0. 1.
 0.]",21.379696,20.563345,0.039699327
"[0. 0. 0. 1. 0. 0. 1. 1. 1. 1. 1. 1. 0. 0. 1. 0. 1. 1. 0. 1. 0. 1. 0. 0.
 0.]",21.76226,23.536068,0.0753655
"[1. 1. 0. 0. 1. 0. 1. 0. 1. 1. 1. 1. 0. 1. 0. 1. 0. 1. 0. 1. 1. 0. 0. 1.
 0.]",21.26876,21.741325,0.021735782
"[1. 1. 0. 1. 1. 0. 0. 0. 1. 1. 0. 0. 0. 0. 0. 1. 1. 0. 0. 1. 0. 1. 0. 0.
 0.]",27.90094,27.860062,0.0014672723
"[0. 0. 1. 1. 0. 0. 1. 0. 0. 0. 1. 0. 0. 1. 1. 1. 0. 1. 1. 0. 1. 0. 1. 0.
 1.]",22.264994,23.488024,0.05207037
"[0. 0. 1. 0. 1. 0. 1. 0. 1. 1. 1. 0. 1. 1. 0. 0. 1. 1. 1. 0. 0. 1. 0. 1.
 0.]",23.038696,22.533443,0.022422353
"[0. 0. 0. 0. 0. 0. 0. 0. 0. 0. 0. 0. 0. 1. 0. 0. 0. 0. 0. 0. 0. 0. 0. 1.
 0.]",75.2246,80.27271,0.06288701
"[1. 0. 0. 0. 1. 1. 1. 0. 0. 0. 1. 0. 1. 1. 1. 0. 1. 1. 0. 0. 0. 1. 1. 0.
 0.]",22.384335,23.670061,0.05431868
"[1. 1. 0. 0. 1. 1. 0. 1. 0. 1. 1. 1. 1. 1. 1. 0. 1. 0. 0. 0. 0. 0. 0. 1.
 0.]",19.504095,18.067757,0.07949733
"[1. 1. 1. 1. 1. 0. 1. 1. 1. 0. 1. 0. 0. 1. 0. 0. 0. 1. 0. 0. 0. 1. 1. 0.
 0.]",20.253826,21.121998,0.041102726
"[0. 1. 1. 1. 1. 0. 0. 1. 0. 1. 0. 1. 0. 1. 1. 1. 0. 1. 1. 0. 0. 1. 0. 0.
 0.]",21.051147,21.730625,0.031268205
"[0. 0. 0. 0. 0. 0. 0. 1. 0. 0. 1. 1. 0. 0. 1. 1. 0. 0. 0. 0. 0. 1. 0. 0.
 1.]",36.38241,38.917305,0.065135464
"[0. 0. 1. 0. 0. 0. 0. 0. 0. 0. 0. 0. 0. 0. 0. 0. 0. 0. 0. 0. 0. 0. 0. 0.
 0.]",97.865036,98.640945,0.007865997
"[1. 1. 1. 0. 1. 0. 0. 1. 1. 1. 1. 0. 0. 1. 0. 1. 1. 0. 0. 0. 1. 0. 1. 0.
 0.]",21.532938,20.601997,0.04518691
"[0. 1. 0. 0. 0. 1. 1. 0. 0. 1. 0. 0. 1. 0. 1. 0. 0. 1. 0. 0. 1. 0. 0. 0.
 0.]",34.7736,32.798466,0.060220372
"[0. 0. 0. 0. 1. 0. 0. 0. 0. 0. 0. 0. 0. 1. 0. 1. 1. 0. 0. 0. 0. 1. 0. 1.
 0.]",39.315033,40.691944,0.033837438
"[0. 1. 1. 0. 0. 0. 0. 0. 0. 0. 0. 0. 0. 0. 0. 0. 0. 0. 0. 0. 0. 0. 0. 0.
 0.]",75.40801,78.05461,0.033907015
"[1. 0. 0. 1. 0. 0. 1. 1. 0. 1. 0. 0. 0. 0. 0. 0. 1. 0. 0. 1. 1. 0. 0. 0.
 1.]",29.52343,28.68849,0.029103657
"[1. 1. 0. 1. 0. 0. 0. 0. 0. 0. 0. 0. 0. 0. 0. 0. 1. 1. 0. 0. 0. 0. 0. 0.
 0.]",42.57139,40.919094,0.04037954
"[0. 1. 0. 0. 1. 0. 1. 0. 0. 1. 0. 1. 0. 1. 1. 0. 1. 1. 1. 0. 1. 1. 0. 1.
 1.]",21.09251,21.733723,0.029503113
"[1. 0. 0. 1. 0. 1. 0. 0. 1. 0. 0. 1. 0. 1. 1. 0. 1. 1. 1. 0. 0. 1. 1. 1.
 1.]",21.489088,20.805387,0.032861706
"[1. 0. 1. 1. 1. 1. 0. 1. 1. 0. 1. 0. 0. 0. 0. 1. 1. 1. 0. 0. 0. 1. 1. 1.
 1.]",18.738226,18.966213,0.012020707
"[0. 1. 1. 0. 0. 1. 0. 1. 0. 1. 0. 1. 1. 0. 1. 1. 0. 0. 1. 0. 0. 1. 0. 1.
 0.]",23.892097,23.531553,0.015321734
"[1. 1. 0. 0. 1. 1. 1. 1. 0. 0. 0. 1. 1. 1. 1. 1. 1. 1. 1. 1. 1. 1. 1. 1.
 0.]",14.580298,14.684396,0.0070889783
"[1. 0. 0. 0. 0. 0. 0. 0. 0. 0. 0. 0. 0. 0. 0. 0. 0. 0. 0. 0. 0. 0. 0. 0.
 0.]",93.78166,94.52058,0.007817498
"[1. 0. 0. 0. 0. 1. 1. 0. 0. 1. 1. 0. 0. 1. 1. 0. 0. 1. 1. 1. 0. 1. 1. 0.
 0.]",24.3121,22.23704,0.093315475
"[1. 0. 0. 1. 0. 0. 1. 1. 1. 0. 1. 0. 1. 0. 0. 0. 1. 1. 1. 1. 1. 1. 1. 1.
 1.]",16.56056,17.517754,0.054641332
"[0. 0. 1. 1. 0. 1. 0. 1. 0. 1. 0. 1. 0. 1. 1. 1. 1. 0. 1. 0. 1. 0. 0. 0.
 1.]",21.448854,20.43591,0.049566925
"[1. 1. 0. 0. 1. 1. 1. 1. 1. 1. 1. 1. 0. 0. 0. 0. 0. 1. 0. 0. 0. 1. 1. 0.
 1.]",18.76572,20.002237,0.06181893
"[0. 0. 0. 1. 0. 0. 0. 1. 1. 0. 0. 0. 0. 0. 0. 0. 0. 0. 0. 0. 0. 1. 0. 0.
 0.]",55.377537,56.32874,0.016886627
"[0. 1. 0. 1. 0. 1. 1. 0. 0. 0. 1. 1. 0. 0. 0. 0. 0. 1. 1. 0. 1. 0. 0. 1.
 0.]",30.689129,29.832138,0.0287271
"[1. 0. 1. 0. 1. 1. 1. 1. 0. 1. 0. 1. 1. 1. 1. 0. 0. 1. 1. 1. 1. 1. 1. 0.
 0.]",16.614649,17.610983,0.056574587
"[0. 0. 0. 0. 1. 0. 1. 0. 0. 1. 0. 1. 1. 0. 1. 1. 1. 1. 0. 1. 0. 0. 1. 0.
 1.]",26.412504,27.030323,0.02285651
"[0. 1. 1. 0. 1. 1. 1. 1. 1. 0. 0. 0. 1. 0. 1. 0. 1. 1. 1. 1. 0. 0. 0. 1.
 0.]",19.91751,20.538387,0.030230135
"[0. 1. 1. 0. 0. 0. 0. 1. 1. 0. 0. 1. 1. 1. 1. 0. 1. 0. 1. 0. 1. 1. 1. 1.
 0.]",21.791616,21.973442,0.008274791
"[0. 0. 0. 1. 0. 0. 0. 1. 1. 1. 0. 0. 1. 0. 0. 1. 1. 1. 0. 0. 0. 0. 1. 1.
 1.]",23.974073,25.481056,0.0591413
"[0. 0. 0. 1. 0. 1. 0. 1. 1. 1. 0. 0. 1. 0. 1. 1. 1. 1. 1. 1. 1. 1. 1. 0.
 1.]",16.589281,16.641302,0.003126019
"[1. 0. 1. 0. 0. 0. 0. 1. 1. 0. 1. 0. 0. 0. 1. 1. 0. 1. 0. 0. 0. 0. 0. 1.
 1.]",28.331474,25.878738,0.09477803
"[1. 1. 1. 1. 1. 0. 1. 1. 1. 1. 0. 1. 1. 0. 1. 1. 0. 0. 0. 1. 1. 0. 0. 0.
 0.]",18.403917,18.51258,0.005869714
"[0. 0. 0. 1. 1. 1. 0. 1. 1. 0. 0. 1. 0. 1. 0. 1. 1. 1. 0. 0. 0. 0. 1. 0.
 1.]",23.255472,23.104208,0.006547041
"[0. 1. 0. 0. 0. 1. 1. 1. 1. 0. 0. 0. 1. 0. 0. 0. 0. 0. 1. 1. 0. 1. 0. 1.
 1.]",25.284685,25.222263,0.0024748691
"[0. 1. 1. 0. 1. 1. 1. 1. 1. 0. 1. 1. 1. 1. 1. 1. 1. 1. 0. 0. 1. 0. 1. 0.
 1.]",15.903949,15.18831,0.04711776
"[0. 1. 0. 1. 0. 1. 0. 0. 0. 1. 0. 1. 1. 0. 0. 0. 1. 0. 1. 1. 0. 1. 0. 1.
 0.]",25.04708,27.012524,0.07276049
"[1. 0. 0. 0. 0. 0. 1. 0. 0. 1. 0. 0. 1. 1. 1. 0. 1. 1. 1. 1. 1. 0. 1. 1.
 1.]",19.627651,21.618446,0.0920878
"[0. 1. 0. 0. 1. 0. 1. 1. 0. 1. 0. 0. 0. 1. 1. 1. 1. 1. 0. 1. 1. 1. 0. 0.
 0.]",21.056005,22.456345,0.062358286
"[0. 1. 1. 0. 0. 0. 1. 0. 1. 1. 0. 1. 1. 1. 1. 1. 1. 1. 1. 1. 0. 0. 1. 0.
 1.]",17.245426,18.344797,0.059928216
"[0. 0. 0. 0. 0. 1. 0. 0. 0. 0. 0. 1. 0. 0. 1. 0. 0. 1. 0. 1. 0. 1. 0. 0.
 1.]",37.900894,39.59259,0.042727593
"[1. 1. 1. 1. 1. 0. 1. 0. 0. 0. 0. 1. 1. 1. 1. 0. 1. 0. 1. 0. 0. 1. 0. 0.
 0.]",19.979834,19.974892,0.00024740762
"[0. 1. 1. 1. 1. 0. 1. 0. 1. 0. 0. 1. 1. 0. 1. 1. 0. 0. 1. 1. 1. 1. 0. 0.
 0.]",27.317032,20.10981,0.35839334
"[0. 0. 0. 0. 0. 1. 0. 0. 1. 0. 0. 1. 1. 1. 0. 0. 0. 0. 0. 1. 0. 0. 0. 0.
 0.]",35.2336,34.299026,0.027247833
"[0. 0. 0. 0. 0. 0. 0. 0. 0. 0. 0. 0. 0. 0. 0. 0. 0. 0. 0. 1. 0. 1. 0. 0.
 0.]",72.18873,74.31087,0.028557586
"[1. 1. 1. 1. 1. 0. 0. 0. 0. 1. 1. 0. 1. 0. 0. 1. 1. 1. 1. 0. 0. 1. 0. 0.
 0.]",18.438566,19.892649,0.07309648
"[0. 1. 0. 1. 0. 1. 1. 1. 1. 1. 0. 1. 0. 1. 0. 1. 0. 0. 1. 1. 0. 1. 0. 1.
 1.]",18.374743,19.173962,0.041682526
"[0. 1. 1. 1. 1. 1. 0. 1. 1. 0. 1. 1. 0. 0. 1. 1. 0. 1. 1. 0. 1. 0. 0. 1.
 0.]",18.461079,18.270206,0.010447183
"[0. 1. 1. 0. 1. 0. 0. 0. 0. 1. 1. 0. 1. 1. 0. 0. 0. 0. 1. 0. 1. 0. 0. 0.
 1.]",27.258226,24.710878,0.1030861
"[1. 0. 1. 1. 0. 0. 0. 1. 1. 0. 0. 1. 1. 0. 0. 1. 0. 1. 1. 0. 0. 1. 1. 1.
 0.]",27.350992,21.872757,0.25045928
"[0. 1. 1. 0. 0. 1. 0. 1. 0. 1. 0. 0. 0. 1. 1. 0. 0. 0. 1. 0. 1. 1. 0. 1.
 0.]",25.145855,26.006271,0.03308496
"[0. 0. 0. 0. 0. 0. 0. 1. 0. 0. 0. 0. 0. 0. 1. 0. 0. 0. 0. 0. 0. 0. 0. 0.
 0.]",72.991615,74.32145,0.017893003
"[0. 0. 0. 1. 0. 1. 1. 1. 0. 0. 1. 0. 1. 1. 1. 0. 0. 0. 0. 0. 1. 1. 1. 1.
 0.]",19.847845,20.599094,0.03647002
"[0. 1. 1. 0. 0. 0. 1. 0. 0. 0. 1. 0. 1. 0. 1. 1. 0. 0. 0. 1. 0. 0. 0. 1.
 1.]",27.518347,26.808092,0.026494041
"[0. 0. 1. 0. 1. 1. 1. 1. 0. 1. 1. 1. 1. 0. 1. 1. 1. 1. 1. 1. 1. 0. 1. 1.
 0.]",15.698012,15.598669,0.0063687037
"[0. 0. 0. 0. 0. 0. 0. 0. 0. 0. 0. 0. 1. 0. 0. 0. 0. 1. 0. 0. 0. 0. 0. 1.
 0.]",66.60466,65.985,0.009390913
"[0. 0. 1. 1. 1. 1. 0. 1. 0. 1. 1. 1. 1. 1. 1. 1. 0. 0. 1. 0. 0. 0. 1. 0.
 1.]",18.49417,18.58767,0.0050302236
"[0. 1. 1. 0. 1. 0. 1. 1. 1. 1. 1. 1. 1. 1. 0. 1. 1. 0. 1. 1. 0. 0. 0. 1.
 0.]",17.270634,18.800833,0.08138996
"[0. 1. 0. 0. 0. 1. 1. 1. 1. 1. 0. 1. 1. 1. 1. 0. 0. 1. 1. 1. 1. 0. 0. 1.
 0.]",17.472029,18.59769,0.06052697
"[0. 0. 0. 1. 1. 1. 0. 1. 1. 0. 1. 1. 1. 0. 1. 1. 0. 1. 1. 1. 0. 1. 0. 0.
 1.]",17.917078,18.284828,0.020112311
"[1. 0. 0. 0. 0. 0. 0. 0. 0. 0. 0. 0. 0. 0. 0. 0. 1. 0. 1. 0. 0. 0. 0. 0.
 0.]",58.73314,60.5104,0.029371148
"[0. 0. 1. 1. 0. 0. 0. 0. 0. 0. 0. 0. 1. 1. 1. 1. 1. 0. 1. 1. 0. 0. 1. 0.
 1.]",23.43823,26.982075,0.13134068
"[1. 1. 0. 0. 0. 0. 0. 0. 0. 0. 1. 0. 1. 0. 0. 1. 0. 1. 0. 0. 0. 1. 0. 0.
 1.]",43.087696,36.092735,0.19380523
"[1. 1. 1. 1. 0. 1. 1. 0. 0. 0. 1. 1. 1. 0. 0. 1. 1. 1. 0. 1. 0. 0. 1. 0.
 1.]",20.134207,21.424967,0.060245603
"[1. 0. 1. 0. 0. 0. 0. 1. 1. 1. 0. 1. 0. 1. 0. 0. 0. 1. 1. 1. 0. 1. 0. 0.
 1.]",22.45574,22.78252,0.014343467
"[0. 1. 1. 1. 1. 1. 1. 0. 1. 1. 1. 0. 1. 0. 1. 1. 0. 1. 1. 0. 1. 0. 0. 1.
 0.]",17.981443,17.595722,0.021921305
"[1. 0. 1. 0. 0. 0. 1. 1. 0. 1. 0. 1. 1. 1. 0. 1. 0. 0. 0. 0. 0. 1. 1. 1.
 0.]",22.699354,22.099783,0.027130187
"[0. 0. 1. 1. 0. 1. 1. 0. 0. 0. 1. 1. 1. 0. 0. 1. 1. 1. 0. 1. 1. 1. 1. 0.
 0.]",21.820408,20.828558,0.04761971
"[0. 0. 0. 0. 0. 1. 1. 0. 0. 1. 0. 1. 1. 0. 1. 0. 1. 0. 1. 1. 1. 1. 1. 0.
 1.]",20.157219,19.646952,0.025971828
"[0. 0. 1. 0. 0. 0. 0. 1. 0. 0. 0. 0. 1. 1. 0. 0. 0. 0. 0. 0. 0. 0. 1. 1.
 0.]",56.49951,51.232933,0.10279674
"[0. 0. 0. 1. 1. 1. 1. 1. 0. 1. 0. 0. 1. 1. 0. 1. 0. 0. 1. 1. 0. 1. 0. 0.
 0.]",20.331268,19.53947,0.04052298
"[0. 1. 1. 1. 1. 0. 0. 1. 1. 0. 0. 1. 1. 0. 1. 1. 0. 1. 0. 0. 1. 0. 0. 1.
 0.]",21.640518,21.213097,0.020148948
"[0. 0. 0. 1. 1. 0. 0. 1. 0. 1. 1. 1. 1. 0. 1. 1. 0. 1. 0. 0. 0. 1. 1. 1.
 1.]",19.969305,20.273056,0.01498299
"[0. 0. 1. 1. 0. 1. 0. 1. 0. 0. 0. 1. 0. 0. 1. 0. 0. 1. 1. 0. 0. 0. 1. 0.
 1.]",27.54706,27.312557,0.008585896
"[0. 0. 0. 0. 0. 0. 0. 0. 0. 0. 0. 0. 0. 0. 0. 0. 0. 0. 0. 0. 1. 0. 0. 0.
 0.]",93.839294,93.79368,0.00048634567
"[0. 0. 0. 0. 0. 1. 0. 1. 0. 0. 1. 0. 0. 1. 0. 1. 1. 1. 1. 1. 0. 1. 1. 0.
 0.]",22.157648,23.638853,0.06265976
"[1. 1. 0. 0. 1. 0. 0. 1. 0. 0. 0. 1. 0. 0. 0. 0. 0. 0. 1. 1. 1. 0. 1. 0.
 0.]",26.924917,26.520502,0.015249151
"[1. 1. 0. 0. 0. 0. 0. 0. 0. 0. 0. 0. 0. 0. 1. 1. 1. 0. 0. 1. 1. 0. 0. 0.
 1.]",41.16105,38.707424,0.063388996
"[0. 0. 1. 0. 0. 0. 1. 0. 0. 0. 0. 0. 1. 0. 1. 1. 0. 0. 1. 0. 0. 1. 1. 1.
 0.]",29.088135,28.429424,0.023170026
"[1. 0. 0. 1. 1. 1. 0. 0. 0. 1. 1. 0. 1. 1. 1. 0. 0. 1. 1. 1. 1. 1. 1. 0.
 0.]",19.00351,19.447548,0.022832615
"[0. 1. 1. 0. 0. 1. 1. 1. 0. 0. 1. 0. 0. 0. 0. 1. 0. 0. 0. 0. 0. 0. 0. 0.
 1.]",36.59659,36.8755,0.0075636017
"[1. 0. 1. 1. 1. 0. 1. 0. 1. 0. 1. 1. 0. 1. 1. 1. 0. 0. 1. 0. 1. 0. 1. 1.
 1.]",18.442873,18.420639,0.0012070136
"[0. 0. 0. 0. 0. 1. 1. 0. 1. 0. 0. 1. 1. 1. 0. 1. 1. 1. 0. 1. 0. 0. 0. 1.
 1.]",20.86958,21.116653,0.011700439
"[1. 1. 0. 0. 1. 1. 0. 0. 1. 1. 1. 0. 1. 1. 0. 1. 0. 1. 1. 1. 1. 1. 0. 0.
 1.]",18.844055,19.018496,0.009172144
"[1. 0. 0. 0. 0. 0. 0. 1. 0. 1. 1. 0. 0. 0. 0. 1. 1. 0. 1. 0. 1. 1. 1. 1.
 1.]",21.011581,23.267477,0.09695489
"[0. 1. 0. 0. 1. 1. 0. 0. 1. 0. 0. 1. 1. 1. 0. 1. 1. 0. 1. 0. 1. 1. 0. 0.
 0.]",24.431364,24.063961,0.015267771
"[0. 0. 1. 1. 0. 1. 0. 1. 1. 0. 1. 1. 1. 0. 1. 0. 1. 1. 1. 0. 1. 0. 1. 1.
 0.]",19.833681,19.907337,0.0036999465
"[1. 0. 1. 1. 0. 1. 1. 1. 0. 1. 0. 0. 1. 1. 0. 0. 1. 0. 1. 1. 0. 0. 1. 1.
 0.]",19.870346,19.746727,0.006260231
"[1. 1. 1. 1. 1. 0. 1. 0. 0. 1. 1. 0. 1. 0. 0. 1. 1. 0. 0. 1. 0. 0. 0. 1.
 1.]",18.591509,18.585814,0.00030643496
"[0. 1. 1. 1. 0. 1. 1. 0. 0. 1. 0. 1. 1. 0. 0. 1. 1. 1. 0. 0. 0. 0. 0. 0.
 0.]",23.703447,22.672993,0.04544855
"[1. 0. 0. 1. 0. 0. 0. 0. 1. 0. 0. 1. 0. 0. 0. 0. 0. 0. 1. 1. 0. 0. 0. 0.
 0.]",40.3889,40.166473,0.0055376375
"[0. 0. 1. 0. 1. 0. 0. 0. 1. 1. 0. 0. 1. 0. 0. 0. 1. 1. 1. 0. 1. 0. 0. 0.
 1.]",25.697044,26.553427,0.032251295
"[0. 1. 0. 0. 0. 0. 1. 1. 0. 1. 1. 0. 1. 1. 0. 0. 1. 1. 1. 1. 0. 0. 1. 1.
 1.]",20.751873,20.667349,0.0040897434
"[0. 0. 1. 0. 0. 0. 1. 0. 0. 0. 1. 0. 0. 0. 0. 1. 1. 1. 0. 0. 1. 0. 0. 1.
 1.]",27.445635,28.139256,0.024649575
"[1. 0. 0. 1. 1. 0. 1. 1. 0. 0. 0. 1. 1. 0. 0. 1. 1. 0. 0. 1. 1. 1. 0. 1.
 0.]",22.265276,21.630154,0.02936282
"[1. 1. 1. 0. 1. 0. 1. 0. 1. 1. 1. 0. 1. 0. 0. 1. 1. 0. 0. 0. 0. 1. 0. 1.
 1.]",18.93297,19.88982,0.048107527
"[0. 0. 0. 0. 0. 1. 1. 0. 1. 1. 0. 0. 0. 1. 1. 0. 1. 1. 1. 1. 0. 1. 1. 1.
 1.]",19.412992,20.867039,0.06968149
"[1. 1. 0. 1. 1. 0. 0. 1. 0. 1. 1. 1. 1. 0. 1. 1. 0. 1. 1. 1. 0. 0. 0. 0.
 0.]",18.122728,18.218752,0.005270589
"[1. 0. 1. 0. 0. 0. 1. 0. 0. 1. 1. 1. 0. 0. 0. 1. 1. 0. 0. 1. 1. 1. 0. 0.
 1.]",29.705563,29.537216,0.0056994674
"[0. 0. 0. 0. 1. 0. 0. 1. 0. 0. 0. 0. 0. 0. 0. 0. 1. 1. 0. 1. 0. 1. 0. 1.
 0.]",45.91459,37.58519,0.22161387
"[1. 1. 1. 1. 1. 1. 1. 1. 0. 0. 1. 1. 0. 1. 1. 0. 0. 1. 1. 1. 0. 0. 0. 1.
 0.]",16.445581,16.850754,0.024044761
"[0. 1. 1. 1. 1. 1. 1. 1. 1. 1. 0. 1. 0. 0. 0. 0. 1. 0. 1. 1. 0. 0. 0. 0.
 0.]",19.31299,19.989826,0.033859026
"[1. 0. 0. 0. 0. 0. 0. 1. 0. 1. 0. 0. 0. 0. 0. 0. 1. 0. 0. 1. 1. 1. 1. 1.
 1.]",23.15651,24.087906,0.03866656
"[1. 0. 0. 0. 1. 0. 0. 1. 1. 0. 0. 0. 0. 1. 0. 0. 1. 1. 0. 0. 0. 1. 1. 1.
 0.]",25.962477,27.52733,0.056847274
"[0. 0. 0. 0. 0. 0. 0. 0. 0. 0. 0. 1. 0. 0. 0. 0. 0. 0. 0. 0. 0. 0. 0. 0.
 0.]",96.35229,96.230835,0.0012620937
"[0. 0. 0. 1. 0. 1. 0. 0. 0. 1. 0. 1. 0. 0. 0. 1. 1. 0. 0. 0. 0. 0. 1. 1.
 1.]",37.36847,29.92743,0.24863613
"[1. 1. 0. 1. 0. 0. 1. 1. 0. 0. 0. 1. 0. 1. 1. 0. 0. 0. 0. 1. 1. 0. 1. 1.
 0.]",22.955082,22.88996,0.0028450293
"[1. 1. 1. 1. 1. 1. 1. 0. 0. 1. 1. 1. 1. 1. 1. 1. 1. 0. 1. 0. 0. 0. 1. 1.
 0.]",14.576916,15.332172,0.0492596
"[1. 0. 1. 0. 0. 1. 1. 1. 1. 1. 0. 1. 0. 0. 1. 1. 0. 1. 1. 0. 0. 0. 1. 0.
 1.]",18.442589,18.479244,0.0019835997
"[0. 0. 0. 0. 0. 0. 0. 0. 1. 1. 0. 0. 0. 0. 0. 0. 0. 1. 0. 0. 1. 0. 0. 0.
 0.]",51.944794,52.79477,0.016099617
"[0. 0. 0. 0. 0. 1. 1. 0. 1. 0. 0. 0. 0. 0. 0. 0. 0. 1. 1. 1. 0. 0. 1. 1.
 0.]",31.154816,33.256645,0.06320029
"[1. 1. 1. 1. 1. 0. 0. 0. 1. 0. 0. 1. 1. 1. 0. 0. 0. 0. 0. 1. 1. 0. 0. 1.
 0.]",20.369307,21.443245,0.05008283
"[0. 0. 0. 0. 1. 1. 1. 0. 1. 1. 1. 1. 1. 0. 0. 1. 0. 1. 1. 0. 1. 1. 1. 1.
 1.]",16.393154,17.299267,0.052378673
"[1. 0. 1. 1. 0. 1. 1. 1. 0. 0. 0. 0. 0. 0. 1. 0. 1. 0. 1. 0. 0. 1. 0. 0.
 0.]",25.98825,26.34991,0.013725284
"[1. 1. 1. 1. 0. 0. 1. 0. 0. 1. 1. 0. 0. 0. 0. 0. 1. 0. 0. 1. 0. 0. 0. 1.
 1.]",23.502092,23.785309,0.011907202
"[1. 0. 1. 0. 0. 1. 0. 1. 0. 0. 1. 1. 0. 0. 1. 0. 0. 0. 0. 1. 1. 1. 1. 0.
 0.]",29.179527,28.18615,0.03524347
"[0. 0. 0. 1. 1. 1. 0. 0. 1. 0. 1. 1. 0. 1. 0. 1. 1. 0. 1. 0. 0. 0. 0. 0.
 0.]",30.343723,28.136963,0.07842923
"[1. 1. 0. 0. 0. 0. 0. 0. 1. 1. 1. 0. 1. 1. 0. 1. 1. 1. 0. 0. 1. 1. 0. 1.
 0.]",21.7111,22.064041,0.01599623
"[1. 0. 1. 0. 0. 1. 0. 1. 0. 0. 1. 0. 0. 0. 1. 0. 1. 0. 1. 1. 1. 1. 0. 0.
 0.]",26.66283,26.51138,0.0057126833
"[1. 1. 1. 0. 0. 0. 1. 1. 1. 1. 1. 1. 1. 1. 0. 0. 1. 0. 1. 0. 1. 1. 1. 1.
 0.]",17.559704,17.75668,0.011093048
"[0. 0. 0. 0. 0. 1. 1. 1. 1. 0. 1. 0. 0. 0. 0. 0. 1. 1. 0. 1. 0. 0. 1. 0.
 0.]",27.123188,27.616358,0.017857887
"[0. 1. 1. 0. 0. 1. 0. 0. 0. 1. 0. 0. 0. 0. 0. 1. 0. 0. 0. 0. 0. 1. 1. 0.
 1.]",32.482502,33.035072,0.016726779
"[0. 1. 1. 1. 0. 0. 1. 1. 0. 1. 0. 1. 0. 1. 0. 1. 1. 1. 0. 1. 1. 0. 0. 1.
 1.]",18.178093,17.465387,0.040806744
"[0. 1. 0. 1. 1. 0. 1. 1. 0. 0. 0. 1. 0. 0. 0. 0. 0. 0. 1. 1. 0. 0. 1. 1.
 1.]",29.34874,25.507114,0.15060996
"[1. 0. 0. 0. 0. 0. 1. 1. 1. 1. 0. 1. 1. 1. 0. 0. 1. 0. 1. 0. 1. 0. 0. 0.
 1.]",22.441961,23.477894,0.044123743
"[0. 1. 0. 0. 1. 0. 0. 1. 1. 1. 1. 1. 1. 1. 0. 0. 0. 1. 1. 0. 0. 1. 0. 1.
 0.]",21.62103,22.114052,0.022294467
"[1. 1. 1. 0. 1. 1. 1. 1. 0. 0. 1. 1. 1. 0. 0. 0. 0. 0. 0. 1. 0. 0. 0. 1.
 0.]",22.759459,22.149694,0.027529232
"[1. 1. 1. 0. 0. 0. 0. 0. 0. 1. 0. 0. 1. 1. 1. 0. 1. 0. 1. 0. 1. 1. 0. 0.
 0.]",26.10962,24.439669,0.068329506
"[1. 1. 1. 0. 1. 0. 0. 1. 1. 1. 0. 1. 0. 0. 0. 1. 0. 1. 0. 0. 1. 0. 0. 1.
 1.]",19.367924,19.626396,0.013169633
"[0. 1. 0. 1. 0. 0. 1. 0. 0. 0. 1. 1. 0. 0. 1. 0. 0. 0. 1. 1. 1. 1. 1. 1.
 1.]",20.009586,20.461134,0.022068553
"[0. 1. 1. 0. 0. 1. 0. 1. 1. 1. 0. 0. 0. 1. 1. 0. 0. 1. 1. 1. 0. 0. 1. 1.
 1.]",21.30572,22.702328,0.06151829
"[1. 0. 1. 0. 1. 0. 0. 1. 0. 0. 0. 0. 1. 0. 0. 1. 0. 0. 1. 0. 0. 1. 0. 1.
 0.]",29.468868,30.263586,0.02625987
"[0. 0. 1. 1. 0. 1. 1. 1. 0. 1. 1. 0. 0. 0. 1. 0. 1. 0. 1. 0. 1. 0. 0. 0.
 1.]",20.721508,21.233936,0.024132514
"[0. 1. 0. 0. 0. 0. 0. 0. 1. 1. 0. 0. 1. 0. 0. 1. 0. 0. 0. 0. 0. 0. 0. 0.
 0.]",40.727356,40.46319,0.0065285955
"[0. 0. 1. 1. 1. 1. 1. 0. 0. 1. 1. 1. 1. 0. 0. 1. 0. 1. 1. 1. 1. 1. 1. 0.
 0.]",16.280313,15.81797,0.029228985
"[1. 0. 0. 1. 0. 0. 0. 0. 0. 0. 0. 0. 0. 0. 1. 0. 0. 1. 0. 1. 1. 0. 0. 0.
 1.]",37.913067,38.8787,0.02483708
"[0. 0. 0. 0. 1. 0. 0. 1. 1. 0. 0. 0. 0. 0. 1. 0. 1. 0. 0. 0. 0. 1. 1. 1.
 0.]",33.02578,32.610107,0.012746732
"[1. 0. 1. 0. 0. 1. 0. 0. 0. 0. 1. 1. 1. 0. 0. 0. 1. 1. 0. 0. 0. 1. 0. 1.
 0.]",33.05387,32.326042,0.022515252
"[1. 0. 1. 1. 1. 0. 1. 1. 0. 1. 0. 1. 1. 1. 1. 1. 0. 0. 0. 1. 1. 1. 0. 0.
 1.]",17.45702,16.92098,0.03167898
"[1. 1. 0. 1. 1. 0. 1. 1. 1. 0. 0. 0. 1. 1. 1. 0. 1. 1. 0. 0. 1. 1. 1. 1.
 0.]",17.457619,18.105026,0.035758443
"[0. 0. 0. 1. 1. 0. 0. 0. 1. 1. 0. 0. 1. 0. 1. 1. 0. 0. 1. 1. 0. 0. 0. 0.
 0.]",33.918186,35.877716,0.054616906
"[1. 0. 1. 1. 1. 0. 0. 1. 0. 1. 0. 1. 0. 0. 1. 1. 0. 1. 1. 1. 1. 0. 0. 1.
 0.]",20.574926,21.263382,0.03237752
"[0. 0. 0. 0. 0. 0. 0. 1. 0. 0. 0. 0. 1. 1. 1. 0. 0. 1. 0. 0. 0. 1. 1. 0.
 0.]",37.85528,38.6846,0.021437962
"[1. 0. 1. 0. 1. 0. 1. 0. 1. 1. 1. 0. 0. 0. 0. 0. 1. 0. 1. 1. 0. 0. 0. 1.
 1.]",22.946796,22.8323,0.0050146603
"[0. 0. 0. 1. 1. 0. 1. 0. 1. 1. 0. 0. 1. 0. 0. 0. 1. 1. 1. 0. 0. 0. 1. 1.
 1.]",28.06308,24.433735,0.14853828
"[1. 0. 1. 1. 0. 1. 1. 1. 1. 0. 0. 0. 0. 1. 0. 1. 1. 1. 1. 0. 1. 1. 0. 0.
 0.]",22.843552,22.149418,0.03133869
"[1. 0. 0. 0. 1. 0. 1. 0. 1. 0. 1. 0. 0. 1. 1. 1. 1. 0. 1. 0. 0. 1. 0. 1.
 0.]",25.43999,23.305603,0.09158253
"[0. 0. 1. 0. 1. 0. 0. 1. 1. 1. 1. 0. 1. 1. 0. 1. 0. 1. 1. 0. 0. 1. 1. 0.
 1.]",22.211294,21.283745,0.04358018
"[0. 0. 0. 0. 0. 1. 0. 0. 0. 0. 1. 1. 0. 1. 0. 1. 0. 0. 0. 1. 1. 0. 1. 1.
 0.]",28.426964,29.079273,0.02243211
"[0. 1. 1. 0. 1. 0. 1. 0. 0. 0. 0. 1. 1. 0. 0. 1. 0. 0. 0. 1. 0. 0. 1. 1.
 1.]",25.211319,26.903023,0.06288155
"[1. 0. 1. 0. 0. 0. 1. 0. 0. 1. 0. 0. 0. 0. 1. 0. 0. 1. 1. 1. 0. 0. 0. 1.
 0.]",30.742338,29.256115,0.05080043
"[0. 1. 0. 0. 1. 0. 0. 1. 0. 0. 1. 0. 1. 0. 0. 1. 1. 0. 1. 0. 1. 0. 0. 0.
 0.]",30.103054,30.900957,0.025821306
"[1. 0. 0. 1. 1. 0. 0. 0. 0. 1. 0. 0. 1. 0. 1. 0. 1. 1. 0. 1. 1. 0. 1. 0.
 0.]",33.942486,25.74688,0.31831455
"[0. 0. 1. 0. 1. 0. 0. 1. 1. 0. 1. 0. 1. 0. 1. 0. 1. 1. 0. 1. 0. 0. 1. 1.
 0.]",23.893854,24.222992,0.013587826
"[0. 0. 0. 1. 1. 0. 1. 1. 0. 1. 1. 0. 0. 1. 1. 1. 0. 0. 0. 1. 0. 1. 0. 1.
 0.]",22.924103,22.688015,0.010405838
"[0. 1. 0. 0. 0. 1. 1. 0. 0. 0. 0. 0. 1. 1. 1. 1. 1. 1. 0. 1. 1. 1. 1. 0.
 0.]",20.75038,20.415598,0.016398327
"[0. 1. 1. 0. 1. 1. 1. 1. 0. 1. 1. 0. 1. 0. 0. 1. 0. 1. 0. 0. 1. 1. 0. 1.
 0.]",21.579319,22.063732,0.021955177
"[0. 1. 0. 1. 0. 0. 1. 1. 1. 0. 0. 1. 1. 1. 0. 0. 1. 1. 1. 0. 0. 1. 0. 1.
 1.]",28.547848,25.146898,0.1352433
"[0. 0. 0. 0. 0. 0. 0. 0. 0. 1. 0. 1. 0. 0. 0. 0. 1. 0. 0. 0. 0. 0. 0. 0.
 0.]",65.672386,61.485733,0.06809146
"[1. 0. 1. 0. 1. 0. 1. 1. 1. 0. 0. 0. 1. 1. 1. 1. 1. 1. 1. 0. 0. 0. 0. 1.
 1.]",18.037088,18.83618,0.04242322
"[1. 1. 0. 0. 0. 0. 0. 0. 1. 0. 1. 0. 1. 1. 0. 1. 0. 1. 0. 0. 1. 1. 0. 1.
 0.]",29.017979,28.381199,0.022436677
"[0. 0. 0. 1. 1. 0. 1. 0. 1. 1. 1. 1. 1. 0. 1. 0. 1. 1. 0. 0. 1. 1. 1. 1.
 0.]",18.616676,17.772411,0.047504246
"[1. 1. 1. 0. 1. 1. 0. 0. 1. 0. 0. 0. 0. 1. 1. 0. 0. 0. 1. 0. 1. 0. 0. 1.
 1.]",24.075367,23.177,0.03876114
"[0. 0. 0. 1. 0. 0. 0. 1. 0. 1. 0. 1. 0. 1. 0. 0. 0. 1. 0. 0. 0. 1. 1. 0.
 0.]",35.87595,37.010674,0.030659363
"[1. 1. 0. 1. 1. 1. 0. 1. 0. 1. 0. 0. 0. 1. 1. 0. 0. 1. 1. 1. 1. 1. 0. 0.
 0.]",27.130522,19.945133,0.36025774
"[1. 0. 0. 0. 0. 0. 0. 1. 0. 0. 0. 0. 0. 0. 0. 0. 0. 0. 0. 0. 0. 1. 0. 0.
 1.]",50.62539,50.15893,0.009299587
"[0. 0. 0. 1. 1. 1. 0. 0. 0. 1. 1. 0. 1. 0. 0. 0. 1. 1. 0. 1. 1. 1. 0. 0.
 1.]",24.241476,24.134953,0.0044136615
"[1. 1. 0. 1. 0. 1. 0. 1. 0. 1. 1. 0. 1. 0. 1. 0. 0. 1. 1. 0. 0. 0. 1. 1.
 0.]",22.832315,23.775438,0.03966795
"[1. 1. 0. 1. 1. 1. 0. 0. 0. 0. 0. 0. 1. 0. 1. 0. 1. 0. 0. 1. 1. 1. 1. 1.
 1.]",18.636568,19.522762,0.04539287
"[1. 0. 0. 0. 1. 0. 0. 1. 0. 0. 1. 0. 0. 0. 0. 1. 1. 0. 0. 0. 0. 0. 1. 1.
 0.]",29.135633,31.139507,0.06435149
"[1. 1. 0. 0. 1. 1. 0. 0. 1. 1. 1. 1. 1. 1. 0. 0. 1. 1. 1. 0. 1. 1. 0. 1.
 1.]",16.5792,17.116438,0.031387206
"[0. 0. 0. 0. 1. 0. 0. 0. 0. 0. 1. 0. 0. 0. 0. 0. 1. 0. 1. 1. 1. 0. 0. 0.
 0.]",38.522137,40.08271,0.038933832
"[1. 0. 0. 1. 0. 0. 1. 0. 1. 1. 0. 1. 0. 1. 1. 1. 0. 0. 0. 1. 1. 1. 0. 0.
 0.]",26.878021,26.781092,0.003619328
"[0. 1. 1. 0. 1. 0. 1. 0. 1. 1. 0. 0. 0. 0. 0. 0. 1. 1. 0. 0. 1. 0. 1. 0.
 0.]",26.899862,27.390356,0.017907536
"[0. 0. 1. 1. 1. 0. 0. 1. 0. 1. 0. 1. 1. 0. 1. 0. 0. 1. 0. 1. 0. 1. 0. 0.
 1.]",27.574575,28.795086,0.04238607
"[1. 1. 0. 0. 0. 0. 1. 1. 0. 0. 0. 1. 0. 1. 0. 1. 0. 1. 0. 1. 0. 1. 0. 1.
 0.]",25.257124,24.638512,0.025107535
"[0. 1. 1. 1. 1. 0. 0. 0. 0. 0. 1. 0. 1. 1. 1. 0. 0. 1. 1. 1. 1. 0. 0. 1.
 1.]",19.450836,19.593418,0.0072770324
"[0. 0. 0. 1. 1. 0. 1. 0. 0. 1. 0. 0. 0. 1. 1. 0. 1. 1. 1. 0. 1. 0. 1. 1.
 0.]",23.26194,24.249378,0.040720146
"[1. 0. 0. 1. 1. 1. 1. 0. 0. 0. 1. 0. 1. 1. 1. 0. 1. 0. 1. 0. 0. 0. 0. 0.
 0.]",22.195166,21.848526,0.015865585
"[0. 0. 0. 1. 0. 1. 1. 0. 0. 0. 1. 0. 1. 0. 0. 0. 1. 1. 0. 0. 0. 1. 0. 0.
 1.]",30.56857,30.82852,0.008432148
"[0. 0. 1. 1. 1. 1. 0. 0. 1. 1. 1. 1. 0. 1. 0. 0. 0. 0. 1. 0. 1. 1. 0. 1.
 0.]",29.1588,20.427929,0.42739874
"[1. 0. 1. 1. 1. 1. 1. 1. 1. 0. 0. 0. 1. 1. 0. 0. 0. 0. 1. 0. 1. 0. 1. 1.
 0.]",20.840958,21.435799,0.027749887
"[1. 0. 1. 1. 0. 0. 0. 0. 1. 1. 0. 1. 0. 0. 1. 0. 1. 1. 1. 0. 0. 0. 1. 0.
 1.]",24.530094,23.213041,0.056737624
"[0. 0. 0. 1. 1. 0. 1. 1. 1. 0. 0. 1. 1. 1. 1. 0. 0. 0. 0. 0. 0. 1. 0. 0.
 0.]",27.068195,27.934788,0.031021979
"[0. 1. 1. 1. 0. 0. 0. 1. 1. 0. 0. 0. 0. 1. 0. 0. 1. 1. 1. 1. 0. 0. 0. 0.
 0.]",29.726921,30.8321,0.03584507
"[1. 1. 0. 1. 0. 1. 1. 1. 1. 1. 0. 0. 0. 0. 1. 1. 1. 1. 1. 1. 0. 1. 1. 1.
 1.]",14.070941,15.511805,0.0928882
"[1. 1. 0. 1. 0. 0. 1. 1. 0. 1. 1. 1. 1. 1. 1. 0. 1. 0. 1. 0. 1. 1. 1. 0.
 1.]",15.812992,15.795576,0.0011025872
"[0. 1. 0. 0. 1. 0. 0. 0. 0. 1. 1. 1. 1. 1. 1. 1. 1. 1. 0. 0. 1. 0. 1. 0.
 1.]",18.953716,19.342829,0.020116627
"[1. 1. 0. 0. 1. 0. 1. 0. 1. 1. 0. 1. 0. 0. 1. 1. 0. 0. 1. 1. 1. 1. 1. 1.
 1.]",17.830303,18.820457,0.05261053
"[0. 1. 1. 1. 0. 1. 0. 0. 1. 0. 0. 1. 0. 0. 1. 1. 0. 1. 0. 1. 0. 1. 0. 1.
 0.]",23.403528,23.144512,0.011191251
"[1. 1. 1. 0. 1. 1. 1. 1. 0. 0. 1. 0. 0. 1. 0. 0. 0. 0. 0. 1. 1. 1. 0. 1.
 1.]",19.662754,19.783775,0.006117198
"[1. 0. 1. 0. 1. 0. 1. 0. 0. 1. 0. 1. 1. 0. 1. 1. 1. 1. 0. 0. 0. 0. 1. 0.
 0.]",27.82219,25.290684,0.10009637
"[1. 1. 1. 0. 1. 1. 0. 1. 0. 0. 0. 0. 0. 0. 0. 1. 1. 0. 1. 1. 0. 0. 0. 0.
 0.]",24.423693,24.781424,0.014435445
"[0. 1. 0. 1. 1. 0. 0. 1. 1. 1. 1. 0. 1. 1. 0. 1. 1. 0. 1. 0. 1. 0. 1. 0.
 0.]",20.373493,19.681229,0.03517385
"[0. 1. 0. 0. 1. 1. 0. 0. 1. 1. 0. 1. 0. 1. 0. 1. 0. 1. 0. 1. 0. 1. 0. 1.
 1.]",21.386377,21.903793,0.02362221
"[1. 1. 1. 1. 0. 1. 0. 1. 0. 0. 1. 1. 1. 0. 0. 0. 1. 1. 0. 0. 0. 1. 1. 1.
 0.]",25.522861,27.200241,0.061667822
"[0. 0. 0. 1. 0. 0. 0. 0. 0. 0. 0. 0. 0. 0. 0. 0. 1. 0. 1. 1. 1. 1. 0. 0.
 0.]",37.124687,41.147247,0.097760126
"[0. 0. 1. 0. 1. 0. 0. 0. 1. 1. 1. 1. 1. 0. 0. 1. 1. 0. 1. 1. 0. 1. 0. 1.
 1.]",19.247023,20.042576,0.03969316
"[1. 1. 0. 0. 0. 0. 1. 0. 1. 0. 1. 1. 0. 1. 0. 1. 0. 0. 0. 0. 1. 0. 1. 0.
 1.]",26.719381,28.139574,0.05046959
"[1. 1. 1. 0. 1. 0. 1. 0. 1. 1. 1. 0. 1. 1. 1. 1. 0. 0. 0. 0. 0. 1. 0. 0.
 0.]",20.09067,20.52126,0.020982614
"[1. 0. 1. 0. 0. 0. 1. 0. 1. 1. 1. 1. 1. 0. 1. 1. 0. 0. 0. 0. 1. 0. 1. 1.
 1.]",18.74045,19.149166,0.021343812
"[0. 0. 0. 1. 0. 0. 1. 1. 0. 0. 0. 1. 1. 0. 1. 1. 1. 1. 1. 1. 0. 1. 0. 1.
 0.]",20.500763,21.245262,0.03504307
"[1. 1. 1. 1. 1. 0. 1. 1. 1. 0. 1. 0. 0. 1. 0. 0. 0. 0. 1. 0. 1. 0. 0. 1.
 1.]",19.453758,19.512772,0.0030243457
"[1. 1. 1. 0. 1. 1. 0. 1. 1. 1. 0. 1. 1. 1. 1. 1. 1. 1. 0. 1. 0. 0. 1. 1.
 0.]",14.63711,14.098389,0.038211536
"[1. 1. 1. 1. 0. 1. 1. 1. 1. 1. 1. 1. 0. 1. 1. 0. 0. 0. 0. 0. 0. 0. 0. 0.
 0.]",17.993809,17.758377,0.013257499
"[1. 0. 1. 1. 1. 1. 0. 1. 1. 0. 1. 0. 0. 1. 1. 0. 1. 1. 0. 1. 1. 0. 1. 1.
 1.]",17.520487,18.356434,0.04553973
"[0. 1. 0. 1. 1. 0. 1. 1. 1. 1. 0. 0. 1. 1. 1. 0. 0. 0. 0. 0. 1. 1. 0. 0.
 1.]",20.836409,20.823147,0.00063687755
"[1. 1. 0. 0. 1. 1. 1. 1. 0. 0. 0. 1. 1. 0. 1. 1. 1. 0. 0. 0. 0. 1. 0. 0.
 0.]",26.726467,26.241447,0.018482963
"[1. 0. 0. 0. 1. 0. 0. 1. 0. 1. 1. 0. 0. 1. 1. 1. 1. 0. 1. 1. 0. 1. 0. 1.
 0.]",22.336823,20.573399,0.08571379
"[0. 0. 1. 1. 0. 0. 0. 0. 0. 1. 1. 1. 0. 1. 0. 1. 0. 0. 1. 1. 0. 1. 1. 1.
 1.]",21.00416,21.01927,0.0007188649
"[1. 0. 1. 0. 1. 0. 1. 0. 1. 0. 0. 0. 1. 0. 1. 1. 0. 0. 1. 0. 1. 0. 0. 1.
 0.]",25.743834,26.247227,0.019178908
"[1. 1. 0. 1. 0. 1. 1. 1. 1. 0. 1. 1. 1. 1. 0. 0. 0. 0. 1. 0. 1. 0. 0. 1.
 0.]",24.971773,23.840656,0.047444873
"[1. 0. 1. 1. 0. 1. 0. 1. 0. 0. 1. 1. 0. 1. 1. 0. 0. 0. 0. 0. 1. 1. 1. 1.
 1.]",17.733076,18.271008,0.029441806
"[0. 0. 0. 0. 0. 0. 1. 0. 0. 0. 0. 1. 0. 0. 1. 0. 1. 1. 0. 1. 0. 1. 1. 1.
 1.]",29.857262,29.478321,0.01285489
"[1. 1. 0. 0. 1. 0. 1. 0. 1. 1. 1. 1. 1. 1. 1. 0. 0. 1. 1. 1. 1. 1. 0. 1.
 1.]",15.572723,16.268154,0.04274798
"[1. 1. 1. 1. 1. 0. 0. 0. 1. 0. 1. 1. 1. 0. 1. 1. 1. 0. 0. 0. 1. 0. 1. 0.
 0.]",18.167791,19.98608,0.09097776
"[0. 0. 1. 0. 1. 0. 0. 0. 1. 0. 0. 0. 0. 0. 0. 0. 0. 0. 0. 0. 0. 1. 1. 0.
 0.]",44.455868,44.221302,0.0053043608
"[0. 0. 1. 1. 1. 1. 1. 1. 0. 1. 0. 1. 0. 0. 1. 1. 0. 0. 0. 1. 1. 0. 1. 0.
 1.]",20.766651,21.861477,0.050080135
"[0. 0. 1. 1. 1. 1. 1. 0. 0. 1. 1. 1. 0. 1. 0. 1. 1. 0. 1. 0. 0. 1. 0. 0.
 0.]",21.19288,22.079464,0.040154204
"[1. 1. 1. 0. 1. 1. 1. 1. 0. 0. 1. 0. 0. 1. 0. 0. 0. 0. 1. 1. 0. 0. 1. 0.
 0.]",31.841217,21.818039,0.45939866
"[1. 1. 0. 0. 0. 0. 0. 0. 1. 1. 1. 1. 0. 0. 0. 1. 0. 0. 1. 0. 0. 0. 0. 0.
 1.]",29.546751,28.243584,0.0461403
"[1. 1. 0. 0. 0. 0. 1. 0. 0. 0. 0. 0. 0. 0. 1. 0. 0. 0. 0. 1. 1. 0. 1. 1.
 0.]",32.02946,31.505016,0.016646383
"[1. 0. 1. 0. 0. 1. 0. 0. 0. 1. 1. 1. 0. 1. 1. 0. 0. 0. 0. 0. 0. 0. 0. 1.
 1.]",26.122503,26.87788,0.028104033
"[0. 0. 0. 1. 1. 1. 0. 0. 0. 0. 0. 0. 1. 0. 1. 0. 0. 1. 1. 1. 1. 1. 0. 0.
 0.]",25.261837,26.258175,0.03794391
"[0. 1. 0. 1. 0. 0. 0. 1. 0. 1. 0. 0. 0. 1. 0. 1. 0. 1. 0. 1. 0. 0. 1. 0.
 1.]",27.896328,26.440195,0.0550727
"[1. 1. 0. 0. 0. 0. 1. 1. 0. 1. 0. 0. 1. 1. 1. 1. 0. 0. 1. 0. 1. 1. 0. 1.
 1.]",20.483332,20.092375,0.019457974
"[0. 0. 0. 0. 0. 0. 0. 0. 1. 0. 1. 1. 1. 1. 0. 0. 0. 0. 0. 0. 1. 1. 0. 1.
 0.]",30.519567,30.999735,0.015489403
"[1. 0. 1. 0. 1. 0. 0. 0. 1. 0. 1. 0. 1. 0. 0. 1. 0. 0. 1. 1. 0. 0. 1. 1.
 1.]",25.599758,23.994953,0.06688094
"[1. 0. 0. 0. 1. 0. 1. 0. 1. 0. 0. 1. 1. 1. 0. 0. 1. 1. 1. 1. 0. 1. 0. 1.
 1.]",21.14039,21.699753,0.025777364
"[1. 1. 0. 1. 1. 1. 0. 1. 1. 1. 1. 1. 0. 1. 0. 1. 0. 1. 1. 1. 1. 0. 0. 1.
 1.]",16.156462,16.967752,0.047813684
"[0. 0. 1. 0. 1. 0. 1. 0. 0. 1. 1. 0. 1. 0. 1. 1. 1. 1. 0. 0. 1. 1. 0. 0.
 0.]",27.481379,25.888468,0.061529744
"[0. 1. 0. 1. 1. 0. 0. 0. 0. 1. 0. 1. 1. 1. 0. 0. 0. 1. 1. 0. 0. 1. 0. 1.
 0.]",28.949173,27.113129,0.06771791
"[1. 0. 0. 1. 1. 0. 1. 1. 0. 0. 0. 1. 1. 0. 1. 1. 0. 0. 1. 0. 0. 1. 1. 1.
 1.]",18.640413,18.792576,0.00809695
"[0. 0. 1. 1. 1. 0. 1. 1. 0. 0. 0. 0. 1. 1. 0. 1. 1. 0. 1. 0. 0. 0. 0. 0.
 1.]",24.404007,24.458382,0.0022231517
"[0. 0. 1. 1. 1. 1. 0. 0. 0. 0. 1. 1. 1. 0. 1. 0. 0. 0. 1. 0. 1. 0. 1. 0.
 1.]",21.45282,21.127754,0.015385715
"[1. 0. 1. 0. 1. 1. 1. 0. 1. 1. 0. 1. 0. 1. 0. 1. 0. 1. 1. 1. 1. 0. 0. 0.
 1.]",19.210075,20.030731,0.040969837
"[1. 1. 1. 1. 0. 0. 0. 1. 0. 1. 0. 0. 0. 0. 1. 0. 0. 0. 0. 1. 1. 1. 0. 0.
 0.]",26.826662,28.323914,0.052861746
"[0. 0. 0. 0. 1. 0. 1. 1. 1. 0. 1. 0. 0. 0. 1. 1. 1. 0. 1. 1. 0. 0. 0. 0.
 0.]",23.779947,22.457123,0.05890445
"[1. 1. 1. 1. 0. 0. 0. 0. 0. 0. 0. 1. 1. 0. 1. 1. 0. 1. 0. 0. 0. 1. 1. 0.
 0.]",24.925642,25.59246,0.026055276
"[0. 1. 0. 0. 1. 1. 1. 1. 1. 0. 0. 0. 1. 0. 0. 0. 1. 0. 1. 0. 1. 1. 1. 0.
 1.]",20.03872,20.429588,0.019132502
"[1. 0. 1. 1. 1. 0. 0. 1. 0. 1. 1. 0. 1. 0. 0. 0. 1. 0. 0. 1. 0. 0. 0. 0.
 0.]",36.543648,24.89434,0.46795002
"[0. 0. 1. 0. 0. 0. 0. 1. 0. 1. 1. 0. 1. 1. 0. 1. 1. 0. 1. 0. 1. 0. 0. 1.
 1.]",23.264189,22.850565,0.01810125
"[0. 0. 1. 1. 0. 1. 0. 1. 0. 1. 0. 1. 1. 0. 0. 1. 0. 1. 1. 0. 1. 1. 1. 0.
 0.]",21.392094,21.996716,0.027486917
"[0. 1. 1. 0. 1. 0. 0. 1. 0. 1. 1. 1. 1. 0. 0. 1. 1. 1. 1. 1. 1. 1. 0. 0.
 1.]",17.699512,17.946033,0.013736796
"[0. 0. 0. 0. 0. 1. 1. 1. 1. 0. 1. 0. 0. 1. 1. 1. 1. 0. 0. 0. 1. 0. 0. 1.
 1.]",20.791832,21.092627,0.014260652
"[0. 0. 1. 1. 1. 0. 0. 0. 0. 0. 1. 0. 0. 0. 1. 0. 0. 0. 1. 1. 1. 1. 1. 0.
 1.]",22.260649,21.897121,0.016601602
"[0. 1. 1. 1. 1. 0. 0. 1. 0. 1. 0. 0. 1. 1. 1. 1. 0. 0. 1. 0. 1. 0. 0. 0.
 0.]",23.302013,25.013037,0.06840526
"[1. 0. 1. 0. 1. 1. 1. 1. 1. 0. 1. 1. 0. 1. 0. 1. 1. 1. 1. 1. 1. 1. 1. 1.
 0.]",14.790605,15.400183,0.039582524
"[0. 1. 0. 0. 0. 0. 1. 0. 0. 0. 1. 0. 0. 1. 0. 0. 1. 1. 1. 0. 1. 0. 0. 1.
 0.]",32.972004,29.791359,0.10676401
"[1. 1. 1. 1. 1. 0. 1. 1. 1. 0. 1. 1. 0. 0. 0. 0. 0. 0. 0. 1. 1. 0. 1. 1.
 0.]",18.317087,18.291502,0.0013987465
"[0. 0. 0. 0. 0. 0. 1. 0. 0. 0. 0. 0. 1. 0. 0. 0. 0. 0. 1. 0. 1. 0. 0. 0.
 0.]",51.258556,48.176178,0.063981384
"[1. 0. 0. 0. 0. 1. 1. 1. 0. 1. 0. 0. 1. 0. 0. 1. 0. 1. 1. 0. 1. 0. 1. 0.
 1.]",22.800095,23.805037,0.04221552
"[1. 0. 0. 1. 1. 0. 0. 1. 0. 1. 1. 1. 0. 1. 0. 1. 0. 1. 1. 0. 1. 0. 0. 1.
 0.]",22.55879,22.405733,0.006831158
"[1. 0. 0. 1. 1. 1. 0. 0. 0. 1. 0. 0. 1. 0. 0. 1. 0. 1. 0. 0. 1. 1. 1. 0.
 1.]",23.345934,22.441854,0.040285416
"[0. 0. 0. 1. 1. 1. 1. 1. 0. 1. 0. 1. 0. 0. 1. 0. 0. 0. 0. 0. 1. 0. 1. 1.
 1.]",21.345005,21.73131,0.017776418
"[0. 0. 0. 0. 0. 0. 1. 0. 1. 0. 0. 1. 0. 1. 1. 1. 0. 0. 1. 0. 1. 0. 0. 1.
 0.]",33.008797,33.677017,0.019842034
"[1. 0. 1. 0. 1. 0. 1. 1. 0. 1. 0. 1. 0. 0. 0. 1. 1. 1. 1. 1. 1. 0. 0. 0.
 0.]",20.152245,22.869514,0.11881625
"[0. 0. 1. 1. 1. 0. 1. 0. 0. 1. 1. 1. 0. 1. 1. 0. 1. 0. 0. 0. 1. 0. 1. 1.
 0.]",20.729403,19.585522,0.05840441
"[1. 0. 0. 0. 0. 0. 0. 0. 0. 0. 1. 1. 0. 0. 0. 0. 1. 0. 0. 1. 0. 0. 0. 0.
 0.]",51.336533,51.579918,0.004718606
"[1. 0. 0. 1. 0. 1. 1. 0. 0. 0. 1. 1. 1. 1. 0. 0. 0. 0. 0. 0. 0. 1. 0. 1.
 0.]",28.033989,27.410343,0.022752207
"[0. 0. 1. 1. 1. 1. 0. 1. 0. 1. 1. 1. 0. 1. 1. 1. 0. 0. 0. 1. 0. 1. 1. 1.
 0.]",18.906176,18.79757,0.00577768
"[0. 1. 0. 0. 0. 0. 0. 0. 0. 0. 0. 0. 0. 0. 0. 0. 0. 0. 0. 0. 0. 0. 0. 0.
 0.]",91.447556,91.56476,0.0012799986
"[1. 1. 1. 1. 0. 0. 1. 1. 1. 0. 0. 1. 1. 1. 0. 1. 0. 0. 1. 1. 1. 0. 1. 1.
 0.]",25.7188,18.646206,0.3793047
"[1. 0. 1. 1. 0. 0. 0. 1. 1. 1. 1. 1. 1. 1. 1. 1. 0. 0. 0. 1. 1. 0. 0. 1.
 0.]",18.63297,19.453102,0.04215941
"[1. 1. 1. 0. 1. 0. 1. 1. 0. 1. 0. 0. 1. 1. 1. 0. 1. 0. 1. 0. 1. 1. 1. 0.
 0.]",26.185757,19.778252,0.32396722
"[0. 1. 0. 1. 0. 1. 0. 0. 1. 1. 1. 0. 1. 0. 1. 1. 0. 0. 1. 0. 1. 0. 0. 0.
 0.]",25.575682,26.41135,0.031640507
"[1. 1. 0. 0. 0. 1. 0. 1. 0. 0. 0. 1. 0. 0. 0. 1. 1. 0. 0. 1. 0. 1. 0. 0.
 0.]",34.814774,34.63039,0.005324323
"[1. 1. 1. 1. 1. 1. 1. 0. 1. 0. 1. 1. 0. 1. 0. 1. 0. 0. 1. 0. 0. 0. 1. 1.
 0.]",19.173088,19.379244,0.010637968
"[1. 1. 0. 0. 1. 1. 1. 1. 0. 0. 0. 0. 1. 0. 0. 1. 0. 0. 0. 0. 0. 1. 0. 1.
 0.]",26.79478,26.706604,0.0033016824
"[1. 1. 1. 0. 0. 0. 1. 0. 1. 1. 0. 1. 1. 0. 0. 1. 0. 0. 0. 1. 1. 0. 1. 1.
 0.]",27.912674,20.529095,0.35966414
"[1. 0. 0. 1. 0. 0. 0. 0. 0. 1. 0. 1. 1. 1. 1. 1. 1. 1. 1. 0. 1. 1. 0. 1.
 1.]",17.908936,17.85651,0.0029359255
"[0. 0. 0. 1. 1. 0. 1. 0. 0. 0. 0. 1. 1. 0. 1. 1. 0. 1. 1. 0. 0. 1. 1. 0.
 1.]",22.637913,22.7267,0.00390673
"[0. 0. 1. 1. 1. 0. 0. 1. 1. 0. 0. 0. 0. 1. 1. 0. 0. 1. 0. 1. 0. 0. 0. 1.
 0.]",39.02641,36.583042,0.066789605
"[1. 1. 1. 1. 0. 1. 0. 0. 1. 0. 1. 1. 0. 0. 0. 0. 1. 0. 1. 0. 0. 0. 0. 1.
 0.]",28.943024,27.80586,0.040896527
"[0. 0. 1. 1. 0. 0. 1. 1. 1. 1. 0. 1. 0. 0. 1. 1. 1. 0. 1. 1. 1. 1. 0. 0.
 1.]",18.719158,17.482138,0.07075911
"[0. 1. 0. 0. 1. 1. 0. 1. 0. 1. 1. 1. 1. 0. 0. 0. 0. 1. 0. 0. 0. 0. 0. 1.
 1.]",25.433962,24.04153,0.057917748
"[0. 0. 0. 0. 0. 0. 1. 0. 0. 0. 1. 0. 1. 1. 0. 0. 0. 0. 0. 1. 0. 0. 0. 1.
 0.]",35.92534,36.26603,0.009394208
"[1. 1. 1. 0. 0. 1. 0. 0. 0. 1. 1. 1. 1. 0. 0. 1. 0. 1. 0. 1. 0. 0. 0. 1.
 1.]",20.319824,21.182243,0.04071425
"[0. 0. 1. 0. 1. 1. 1. 0. 0. 0. 0. 0. 0. 0. 0. 1. 0. 0. 0. 0. 0. 1. 1. 0.
 1.]",32.849346,32.189987,0.020483356
"[0. 1. 0. 0. 0. 0. 0. 0. 0. 0. 1. 1. 1. 0. 0. 1. 1. 0. 1. 0. 0. 0. 0. 1.
 1.]",27.726854,27.110046,0.022752006
"[1. 0. 0. 1. 0. 1. 1. 0. 1. 1. 0. 1. 0. 1. 0. 1. 0. 0. 1. 1. 1. 0. 0. 1.
 0.]",25.550673,23.466341,0.08882218
"[0. 1. 1. 1. 1. 1. 1. 0. 1. 0. 0. 1. 0. 0. 0. 0. 0. 0. 0. 0. 0. 1. 1. 0.
 0.]",25.6539,26.875532,0.045455173
"[1. 1. 1. 1. 1. 1. 0. 1. 1. 0. 0. 1. 0. 1. 1. 0. 0. 0. 0. 0. 0. 0. 1. 1.
 0.]",19.24835,19.524786,0.014158201
"[1. 1. 0. 0. 1. 1. 0. 1. 0. 0. 0. 1. 1. 1. 0. 0. 0. 0. 1. 1. 0. 1. 0. 0.
 0.]",24.740396,21.35643,0.15845188
"[0. 1. 0. 0. 1. 1. 1. 0. 1. 0. 0. 1. 1. 1. 0. 1. 1. 0. 1. 1. 0. 1. 0. 1.
 0.]",20.163662,20.061287,0.0051031136
"[0. 1. 0. 1. 1. 1. 0. 0. 0. 0. 0. 0. 0. 1. 1. 1. 0. 0. 1. 1. 1. 1. 1. 1.
 1.]",19.212702,18.706018,0.02708665
"[1. 1. 1. 0. 0. 1. 1. 1. 0. 0. 0. 0. 0. 0. 0. 1. 0. 0. 1. 0. 0. 1. 0. 1.
 0.]",31.082527,29.390938,0.057554793
"[1. 1. 1. 0. 0. 0. 1. 1. 0. 1. 0. 0. 0. 1. 0. 1. 1. 0. 0. 1. 0. 1. 0. 1.
 0.]",22.038637,22.18842,0.0067504663
"[0. 0. 1. 1. 0. 1. 0. 1. 0. 0. 1. 1. 0. 1. 0. 0. 1. 0. 0. 0. 1. 1. 1. 0.
 0.]",29.147436,28.373116,0.027290644
"[1. 0. 0. 0. 1. 0. 0. 1. 0. 0. 0. 0. 0. 0. 1. 0. 0. 0. 0. 0. 0. 0. 1. 1.
 1.]",33.502716,34.59453,0.031560253
"[1. 0. 0. 1. 0. 0. 0. 0. 0. 0. 0. 0. 1. 1. 1. 0. 1. 0. 0. 1. 0. 0. 0. 0.
 0.]",32.934494,36.26513,0.09184126
"[0. 0. 1. 0. 1. 0. 1. 0. 0. 0. 0. 0. 0. 0. 0. 0. 0. 0. 1. 1. 0. 0. 0. 0.
 0.]",44.52881,44.4379,0.0020457325
"[0. 0. 0. 1. 1. 0. 0. 1. 0. 0. 0. 0. 1. 0. 0. 1. 0. 0. 0. 1. 1. 1. 0. 0.
 1.]",29.482218,29.300117,0.0062150024
"[0. 0. 1. 0. 1. 0. 1. 0. 1. 0. 0. 0. 0. 0. 0. 0. 1. 0. 1. 0. 1. 0. 1. 0.
 1.]",28.581913,28.291214,0.01027524
"[0. 1. 0. 1. 1. 0. 1. 1. 1. 1. 0. 1. 0. 0. 1. 1. 0. 1. 0. 1. 0. 0. 1. 1.
 0.]",20.615644,21.45787,0.039250214
"[1. 0. 0. 0. 0. 1. 0. 0. 0. 0. 0. 1. 1. 0. 1. 0. 0. 0. 0. 0. 0. 0. 0. 0.
 1.]",41.70098,42.505135,0.018918972
"[0. 0. 0. 0. 0. 0. 0. 0. 0. 0. 0. 0. 0. 0. 1. 0. 1. 1. 0. 1. 0. 0. 0. 1.
 0.]",43.625244,45.33721,0.037760757
"[0. 1. 0. 1. 0. 0. 0. 0. 0. 1. 0. 0. 0. 0. 0. 1. 0. 0. 1. 0. 0. 1. 1. 1.
 0.]",31.14406,33.372032,0.06676165
"[0. 0. 0. 0. 0. 0. 0. 0. 0. 0. 0. 0. 0. 0. 0. 0. 0. 0. 0. 0. 0. 0. 0. 0.
 0.]",157.07578,156.94872,0.0008095634
"[1. 1. 0. 0. 1. 0. 0. 0. 0. 1. 1. 1. 0. 0. 1. 0. 0. 0. 1. 1. 1. 1. 0. 0.
 1.]",33.38284,26.591385,0.25540054
"[1. 1. 1. 1. 0. 1. 1. 0. 1. 1. 1. 1. 0. 1. 0. 1. 1. 1. 1. 0. 1. 0. 0. 1.
 0.]",17.17671,17.595592,0.023806097
"[1. 1. 0. 0. 1. 1. 0. 1. 0. 1. 0. 1. 1. 1. 0. 1. 0. 0. 1. 1. 1. 0. 1. 0.
 1.]",18.919523,18.161686,0.041727256
"[0. 0. 1. 0. 1. 1. 0. 1. 1. 1. 0. 0. 1. 0. 0. 1. 1. 1. 0. 1. 0. 1. 0. 0.
 1.]",21.160593,22.107288,0.04282277
"[0. 0. 0. 1. 0. 0. 0. 0. 0. 0. 0. 0. 0. 0. 0. 0. 0. 0. 0. 0. 1. 1. 0. 0.
 0.]",56.10339,57.776936,0.028965639
"[1. 0. 0. 0. 1. 1. 1. 0. 0. 0. 1. 0. 1. 1. 1. 0. 1. 1. 1. 0. 0. 0. 1. 0.
 1.]",20.383081,20.71048,0.01580834
"[1. 1. 0. 0. 1. 1. 1. 1. 1. 0. 0. 0. 0. 0. 1. 0. 0. 1. 0. 1. 1. 1. 1. 0.
 1.]",18.76337,20.657612,0.091697015
"[1. 1. 0. 0. 0. 1. 0. 0. 0. 0. 0. 0. 0. 1. 0. 0. 1. 0. 1. 0. 1. 0. 1. 0.
 1.]",29.16802,28.048283,0.03992179
"[0. 0. 0. 0. 1. 0. 0. 1. 1. 1. 1. 0. 1. 1. 1. 1. 1. 0. 1. 1. 0. 1. 1. 0.
 1.]",18.589352,17.807747,0.043891277
"[1. 1. 0. 0. 0. 1. 0. 1. 0. 1. 0. 0. 0. 1. 1. 0. 0. 1. 1. 1. 1. 1. 1. 1.
 0.]",27.667381,20.192062,0.37021077
"[0. 1. 0. 0. 1. 0. 0. 0. 1. 1. 0. 1. 1. 0. 1. 1. 1. 0. 1. 1. 1. 0. 0. 0.
 0.]",21.912348,22.697964,0.034611735
"[0. 1. 1. 1. 1. 1. 1. 0. 1. 1. 1. 1. 1. 1. 1. 1. 0. 0. 1. 0. 1. 1. 0. 0.
 1.]",14.866535,14.698736,0.011415879
"[1. 1. 0. 1. 0. 1. 1. 0. 1. 0. 0. 1. 1. 1. 0. 1. 1. 1. 1. 1. 0. 1. 0. 1.
 0.]",18.29492,18.961163,0.035137225
"[0. 1. 1. 1. 1. 0. 0. 1. 0. 0. 0. 1. 0. 0. 0. 0. 0. 1. 0. 1. 0. 1. 0. 0.
 0.]",30.593338,31.768398,0.03698834
"[1. 1. 0. 0. 0. 1. 1. 0. 1. 0. 1. 0. 0. 0. 1. 1. 0. 0. 1. 1. 0. 0. 0. 1.
 1.]",27.03238,27.293911,0.009582058
"[1. 0. 0. 1. 0. 0. 0. 0. 1. 1. 1. 0. 1. 1. 1. 1. 0. 0. 1. 1. 1. 0. 1. 0.
 1.]",24.52669,22.02412,0.113628566
"[0. 0. 1. 0. 0. 0. 0. 1. 1. 0. 1. 0. 1. 1. 0. 1. 0. 0. 0. 0. 1. 1. 1. 0.
 0.]",31.336145,29.690619,0.05542245
"[1. 1. 0. 0. 0. 0. 1. 1. 1. 1. 1. 1. 1. 1. 0. 0. 1. 1. 1. 0. 1. 1. 1. 1.
 1.]",15.362565,16.513323,0.06968663
"[1. 0. 1. 1. 0. 1. 0. 1. 1. 1. 0. 0. 1. 0. 0. 0. 0. 0. 0. 1. 1. 1. 1. 0.
 0.]",22.055204,22.674187,0.027298987
"[0. 1. 1. 0. 0. 0. 0. 1. 0. 0. 0. 0. 1. 1. 0. 1. 0. 1. 1. 1. 1. 1. 1. 0.
 1.]",29.573647,21.45882,0.37815806
"[1. 0. 1. 1. 0. 1. 0. 1. 0. 1. 0. 0. 0. 0. 0. 1. 1. 0. 0. 1. 1. 1. 1. 0.
 0.]",22.563295,23.055172,0.021334762
"[0. 1. 0. 0. 0. 0. 0. 1. 1. 0. 0. 1. 0. 0. 0. 0. 1. 0. 1. 0. 0. 1. 0. 0.
 0.]",41.640274,41.470276,0.0040992773
"[0. 1. 0. 0. 0. 1. 0. 0. 1. 1. 0. 0. 1. 0. 0. 0. 0. 1. 0. 0. 0. 1. 0. 1.
 1.]",27.733797,28.431555,0.024541667
"[1. 1. 0. 0. 0. 0. 1. 0. 0. 0. 0. 0. 0. 1. 0. 0. 0. 0. 1. 0. 1. 0. 0. 0.
 0.]",48.84215,46.357616,0.053594973
"[0. 1. 0. 1. 0. 1. 1. 1. 0. 0. 0. 0. 1. 0. 1. 0. 0. 1. 0. 1. 1. 0. 0. 0.
 1.]",25.194698,24.830208,0.014679317
"[0. 1. 1. 1. 0. 1. 1. 0. 1. 0. 1. 0. 1. 1. 0. 0. 1. 1. 0. 0. 1. 1. 0. 1.
 0.]",25.391388,23.134933,0.097534515
"[1. 1. 1. 1. 0. 1. 1. 1. 1. 1. 0. 0. 0. 1. 1. 0. 0. 0. 0. 0. 1. 1. 0. 0.
 1.]",25.800035,17.996359,0.4336253
"[0. 0. 0. 1. 0. 0. 0. 1. 0. 0. 0. 0. 0. 1. 1. 1. 0. 1. 0. 0. 0. 1. 0. 0.
 0.]",33.92478,34.08709,0.0047615604
"[1. 0. 1. 0. 0. 0. 1. 0. 0. 0. 1. 0. 0. 0. 1. 0. 1. 0. 1. 1. 0. 0. 0. 0.
 0.]",31.355425,30.769127,0.019054748
"[1. 1. 0. 0. 1. 0. 1. 0. 1. 0. 1. 1. 0. 0. 0. 0. 1. 1. 0. 1. 0. 1. 0. 0.
 0.]",26.099886,27.126232,0.03783593
"[0. 0. 1. 1. 0. 1. 1. 0. 1. 1. 1. 0. 0. 0. 1. 1. 0. 1. 0. 0. 0. 0. 1. 1.
 0.]",23.576057,22.224236,0.060826473
"[0. 1. 0. 0. 0. 0. 0. 1. 0. 0. 1. 0. 0. 1. 1. 1. 1. 1. 0. 1. 1. 0. 1. 1.
 1.]",19.037973,18.44329,0.032243848
"[0. 1. 0. 1. 0. 0. 0. 1. 0. 1. 1. 0. 0. 1. 1. 0. 0. 0. 1. 0. 0. 0. 0. 1.
 0.]",30.776192,33.759937,0.08838125
"[0. 0. 0. 0. 0. 0. 0. 0. 0. 1. 1. 1. 1. 0. 1. 1. 1. 0. 1. 1. 0. 0. 0. 0.
 0.]",25.208065,25.26445,0.0022317937
"[1. 1. 1. 1. 0. 0. 0. 1. 1. 0. 0. 0. 0. 1. 1. 1. 1. 0. 0. 0. 0. 1. 1. 1.
 1.]",18.918045,19.23856,0.016660014
"[0. 0. 1. 0. 0. 0. 0. 0. 0. 0. 1. 0. 0. 1. 0. 0. 0. 0. 0. 1. 1. 0. 1. 1.
 0.]",36.286686,37.31838,0.027645694
"[1. 0. 1. 0. 0. 0. 0. 1. 0. 1. 0. 1. 1. 1. 1. 0. 0. 0. 1. 0. 0. 0. 1. 1.
 0.]",26.033989,26.848589,0.030340513
"[1. 0. 1. 1. 0. 0. 1. 0. 1. 1. 0. 0. 0. 0. 0. 0. 0. 0. 0. 0. 1. 0. 1. 0.
 1.]",27.327276,26.32299,0.038152423
"[0. 1. 1. 1. 0. 0. 0. 0. 1. 1. 1. 1. 1. 0. 0. 0. 1. 1. 0. 0. 1. 0. 1. 0.
 0.]",22.832056,22.63969,0.008496832
"[1. 1. 1. 0. 1. 0. 0. 1. 1. 1. 1. 0. 0. 0. 0. 1. 0. 0. 0. 0. 0. 0. 1. 0.
 1.]",22.93682,23.854277,0.038460925
"[0. 0. 0. 0. 0. 0. 0. 0. 0. 0. 0. 1. 0. 0. 0. 0. 0. 0. 0. 0. 0. 0. 0. 1.
 0.]",75.614075,73.019424,0.0355337
"[1. 1. 1. 1. 0. 0. 0. 0. 1. 1. 0. 1. 0. 1. 0. 1. 1. 1. 1. 0. 1. 1. 1. 0.
 1.]",16.907166,17.091503,0.010785337
"[0. 0. 0. 0. 0. 1. 0. 0. 1. 1. 0. 1. 0. 1. 0. 0. 1. 1. 0. 0. 1. 0. 0. 0.
 1.]",27.927927,28.074015,0.0052036606
"[1. 1. 1. 0. 0. 1. 0. 1. 1. 1. 0. 1. 0. 0. 1. 0. 1. 1. 1. 1. 0. 1. 1. 1.
 0.]",17.62808,17.695618,0.003816612
"[1. 1. 0. 1. 1. 0. 0. 1. 1. 1. 1. 1. 0. 1. 0. 1. 1. 1. 1. 0. 1. 1. 0. 0.
 1.]",16.289001,16.124199,0.010220821
"[1. 0. 0. 0. 1. 0. 0. 1. 0. 0. 1. 0. 0. 1. 0. 0. 0. 0. 1. 0. 1. 0. 0. 0.
 1.]",35.742157,32.862053,0.087642245
"[0. 0. 1. 1. 0. 1. 1. 1. 0. 0. 0. 1. 0. 0. 1. 1. 0. 1. 1. 1. 0. 0. 0. 1.
 0.]",22.687506,22.404972,0.01261031
"[0. 1. 1. 1. 0. 0. 0. 0. 1. 1. 1. 0. 0. 1. 1. 1. 1. 1. 1. 1. 0. 0. 0. 1.
 0.]",18.649729,19.415628,0.039447587
"[0. 1. 0. 0. 0. 1. 0. 1. 1. 1. 0. 0. 1. 0. 1. 1. 1. 0. 1. 1. 0. 1. 1. 0.
 1.]",18.567533,19.2954,0.037722312
"[0. 0. 0. 1. 1. 0. 0. 0. 0. 1. 1. 1. 0. 0. 0. 1. 1. 1. 0. 1. 0. 1. 0. 1.
 1.]",23.143456,23.639421,0.02098046
"[1. 0. 0. 1. 0. 1. 1. 0. 0. 0. 0. 0. 1. 0. 1. 0. 0. 0. 1. 1. 0. 1. 1. 1.
 0.]",32.494663,22.969149,0.4147091
"[0. 0. 0. 1. 0. 1. 0. 0. 0. 1. 0. 1. 0. 0. 0. 0. 1. 0. 0. 0. 1. 0. 0. 0.
 0.]",42.048225,40.468933,0.039024808
"[0. 0. 1. 1. 1. 0. 1. 1. 1. 0. 0. 1. 0. 1. 0. 1. 1. 0. 0. 1. 1. 0. 1. 0.
 1.]",21.115612,20.078768,0.051638838
"[0. 1. 1. 0. 0. 0. 0. 0. 0. 0. 0. 1. 0. 0. 0. 0. 0. 0. 0. 0. 0. 0. 0. 1.
 0.]",52.99571,51.636547,0.026321694
"[0. 0. 1. 0. 0. 1. 1. 0. 1. 0. 0. 0. 1. 0. 0. 0. 0. 1. 0. 1. 0. 1. 0. 0.
 0.]",31.99878,32.135014,0.0042394344
"[0. 0. 1. 0. 0. 0. 0. 0. 0. 1. 0. 0. 0. 0. 1. 0. 1. 0. 1. 1. 1. 0. 0. 0.
 1.]",32.277096,34.866814,0.07427458
"[0. 1. 0. 0. 0. 0. 0. 0. 0. 0. 0. 0. 0. 0. 1. 0. 0. 1. 0. 0. 0. 0. 1. 0.
 0.]",55.333664,53.51683,0.033948824
"[1. 1. 1. 1. 0. 0. 1. 1. 0. 0. 1. 1. 1. 0. 1. 1. 0. 1. 0. 1. 0. 1. 0. 1.
 1.]",18.039106,18.095474,0.003115026
"[1. 1. 0. 1. 0. 1. 0. 0. 1. 1. 1. 0. 1. 1. 0. 0. 0. 0. 0. 1. 0. 1. 0. 0.
 1.]",23.981747,25.106716,0.044807512
"[1. 1. 1. 0. 0. 0. 1. 1. 0. 0. 1. 0. 0. 0. 1. 0. 0. 0. 0. 0. 1. 0. 0. 1.
 1.]",24.660435,24.830982,0.006868334
"[0. 0. 1. 1. 0. 1. 1. 1. 0. 0. 1. 0. 1. 0. 0. 1. 1. 1. 1. 1. 1. 0. 0. 0.
 1.]",18.22422,20.401646,0.10672793
"[0. 1. 1. 0. 0. 0. 0. 0. 0. 0. 1. 0. 0. 0. 1. 0. 0. 0. 0. 0. 0. 1. 0. 1.
 0.]",38.73837,40.8416,0.05149724
"[1. 0. 0. 1. 0. 1. 1. 1. 0. 1. 1. 1. 0. 1. 1. 1. 0. 1. 1. 1. 1. 0. 0. 0.
 0.]",17.8932,18.101854,0.011526687
"[0. 0. 1. 0. 0. 0. 1. 0. 0. 0. 1. 1. 0. 0. 0. 1. 0. 1. 1. 1. 0. 0. 1. 1.
 1.]",23.983229,24.27198,0.011896499
"[1. 0. 0. 1. 1. 1. 1. 1. 1. 0. 0. 1. 1. 0. 1. 1. 1. 1. 1. 0. 0. 1. 1. 1.
 0.]",16.35247,16.490088,0.008345445
"[0. 0. 0. 0. 0. 0. 1. 0. 0. 0. 1. 0. 1. 0. 1. 0. 0. 1. 1. 0. 0. 1. 0. 1.
 1.]",27.3849,27.964943,0.020741818
"[0. 0. 1. 0. 0. 0. 1. 0. 1. 0. 0. 0. 1. 1. 1. 1. 1. 1. 1. 0. 0. 0. 0. 1.
 1.]",21.442556,23.612679,0.09190495
"[1. 0. 0. 0. 1. 1. 1. 0. 1. 1. 0. 1. 1. 1. 0. 0. 1. 1. 1. 1. 0. 0. 1. 0.
 1.]",19.019072,18.706371,0.016716244
"[1. 1. 1. 1. 0. 0. 1. 0. 0. 0. 1. 1. 1. 1. 0. 0. 0. 0. 0. 1. 0. 0. 1. 1.
 1.]",19.550978,20.556717,0.04892509
"[0. 0. 1. 0. 0. 0. 0. 1. 1. 0. 1. 1. 0. 1. 0. 0. 0. 0. 0. 0. 0. 0. 0. 0.
 0.]",40.502354,41.75493,0.029998254
"[1. 1. 1. 0. 0. 0. 1. 0. 1. 1. 0. 0. 0. 1. 1. 1. 0. 1. 1. 1. 1. 0. 0. 1.
 1.]",19.114368,20.09217,0.048665836
"[1. 0. 1. 1. 1. 1. 1. 1. 0. 1. 0. 0. 1. 0. 0. 0. 1. 0. 0. 0. 0. 0. 0. 0.
 1.]",32.743362,23.935394,0.36798927
"[1. 0. 0. 1. 1. 1. 0. 1. 1. 1. 0. 1. 1. 0. 0. 0. 1. 0. 1. 0. 0. 1. 0. 0.
 0.]",22.828875,22.531652,0.013191315
"[0. 0. 0. 1. 1. 0. 1. 0. 1. 1. 1. 1. 0. 0. 1. 1. 0. 1. 0. 1. 1. 1. 0. 1.
 0.]",21.007408,19.736357,0.06440152
"[1. 0. 1. 0. 0. 1. 0. 1. 1. 0. 0. 1. 0. 1. 1. 0. 1. 1. 1. 1. 0. 0. 0. 1.
 0.]",22.388832,21.530247,0.0398781
"[0. 0. 0. 1. 1. 1. 0. 1. 1. 0. 0. 0. 0. 1. 1. 1. 1. 0. 1. 1. 1. 1. 0. 1.
 0.]",21.308247,20.230839,0.05325572
"[1. 1. 0. 0. 0. 1. 0. 1. 1. 0. 1. 1. 0. 0. 1. 1. 0. 1. 0. 1. 0. 1. 0. 1.
 1.]",19.806786,19.0355,0.040518295
"[0. 1. 0. 0. 0. 1. 1. 0. 0. 1. 0. 0. 0. 0. 0. 1. 1. 1. 1. 1. 0. 0. 1. 0.
 1.]",21.676027,22.120724,0.020103158
"[0. 0. 0. 1. 0. 1. 1. 1. 0. 0. 1. 1. 1. 0. 1. 1. 0. 1. 0. 0. 1. 1. 1. 1.
 0.]",20.32332,19.344048,0.050623987
"[0. 0. 1. 0. 0. 1. 1. 0. 0. 0. 0. 1. 1. 1. 1. 0. 1. 0. 0. 1. 0. 0. 0. 0.
 0.]",26.674177,27.056053,0.014114253
"[1. 0. 1. 1. 0. 1. 1. 0. 0. 0. 1. 1. 1. 0. 0. 1. 1. 0. 1. 0. 0. 0. 1. 0.
 1.]",22.008686,22.905409,0.039148953
"[1. 0. 0. 0. 1. 1. 1. 0. 1. 1. 1. 1. 1. 0. 0. 0. 1. 0. 1. 1. 0. 0. 1. 0.
 1.]",19.350618,18.686157,0.035559002
"[0. 0. 0. 0. 1. 1. 1. 1. 0. 1. 0. 0. 1. 1. 0. 0. 0. 0. 1. 0. 0. 1. 0. 1.
 0.]",25.715557,26.206556,0.01873574
"[0. 0. 0. 0. 1. 1. 0. 1. 0. 1. 1. 1. 1. 1. 1. 1. 1. 1. 1. 1. 1. 1. 1. 0.
 1.]",14.88994,15.347794,0.029831866
"[0. 1. 1. 0. 0. 1. 1. 1. 0. 0. 1. 0. 0. 0. 1. 1. 1. 0. 0. 0. 0. 0. 0. 0.
 1.]",30.064947,30.06636,4.700753e-05
"[1. 1. 1. 1. 1. 1. 1. 1. 0. 1. 0. 0. 0. 0. 1. 1. 1. 1. 1. 0. 0. 1. 1. 0.
 1.]",15.143585,15.831013,0.04342284
"[1. 0. 0. 1. 0. 0. 1. 1. 0. 0. 0. 1. 0. 1. 1. 0. 0. 0. 1. 0. 1. 0. 0. 0.
 1.]",26.15806,26.795069,0.023773354
"[0. 0. 0. 1. 0. 1. 0. 0. 1. 1. 0. 1. 0. 0. 1. 0. 0. 0. 0. 0. 1. 0. 0. 0.
 0.]",37.910027,37.524242,0.010280931
"[1. 1. 0. 0. 1. 1. 1. 1. 0. 1. 0. 1. 1. 1. 0. 0. 1. 1. 1. 1. 1. 0. 1. 0.
 1.]",17.53053,17.410809,0.0068763243
"[0. 0. 0. 1. 1. 1. 0. 0. 0. 1. 1. 1. 0. 0. 0. 1. 0. 0. 0. 0. 1. 0. 1. 0.
 0.]",30.636719,31.205019,0.018211821
"[0. 1. 0. 1. 1. 0. 0. 1. 1. 0. 1. 1. 0. 1. 0. 1. 1. 1. 1. 0. 1. 0. 0. 0.
 1.]",19.558645,20.83799,0.061394818
"[1. 0. 0. 0. 1. 0. 0. 1. 1. 1. 0. 0. 0. 1. 1. 1. 1. 1. 1. 0. 0. 1. 0. 0.
 0.]",21.856121,21.522884,0.015482902
"[1. 1. 1. 1. 0. 0. 1. 0. 0. 0. 0. 1. 1. 1. 0. 1. 0. 0. 1. 1. 0. 0. 0. 0.
 0.]",22.756327,22.705818,0.002224474
"[0. 1. 0. 1. 0. 1. 0. 1. 0. 0. 1. 0. 1. 1. 0. 1. 0. 1. 0. 0. 1. 0. 0. 1.
 1.]",23.78857,23.861502,0.0030564417
"[1. 1. 1. 0. 0. 1. 0. 0. 0. 1. 1. 1. 1. 0. 0. 1. 1. 1. 0. 0. 0. 0. 0. 0.
 0.]",27.149668,27.890638,0.026567
"[0. 0. 0. 0. 1. 0. 0. 1. 1. 1. 1. 1. 0. 1. 1. 1. 1. 1. 0. 0. 1. 1. 1. 0.
 0.]",19.868656,19.477457,0.020084713
"[0. 0. 1. 1. 0. 0. 1. 1. 0. 1. 1. 0. 1. 1. 0. 1. 1. 1. 1. 0. 0. 0. 1. 0.
 0.]",21.996262,22.30168,0.013694843
"[1. 1. 1. 1. 1. 0. 1. 1. 0. 1. 0. 1. 0. 0. 1. 1. 1. 0. 0. 1. 0. 0. 0. 0.
 0.]",20.390583,20.07239,0.015852295
"[0. 1. 1. 1. 1. 1. 1. 0. 0. 1. 1. 0. 0. 0. 1. 1. 0. 0. 1. 0. 1. 1. 0. 1.
 1.]",19.068045,19.024986,0.002263255
"[1. 0. 0. 1. 0. 1. 0. 1. 0. 1. 0. 0. 0. 0. 1. 0. 0. 1. 1. 0. 0. 1. 0. 0.
 0.]",29.295244,29.007433,0.009921984
"[0. 1. 0. 1. 0. 1. 0. 0. 0. 0. 0. 1. 1. 0. 0. 1. 1. 0. 1. 1. 0. 1. 0. 1.
 1.]",22.376076,23.44408,0.045555405
"[0. 1. 1. 0. 0. 1. 0. 0. 0. 0. 1. 0. 0. 1. 0. 0. 0. 1. 0. 1. 1. 0. 1. 0.
 1.]",26.761635,27.57299,0.029425738
"[0. 0. 1. 0. 1. 1. 0. 1. 0. 0. 0. 0. 1. 1. 0. 1. 1. 1. 0. 0. 1. 1. 0. 0.
 1.]",23.638449,22.474937,0.05176928
"[1. 0. 1. 1. 1. 1. 0. 0. 1. 1. 0. 0. 1. 0. 1. 0. 0. 1. 1. 1. 0. 1. 0. 1.
 1.]",20.37776,20.652332,0.013294982
"[0. 1. 1. 0. 1. 0. 0. 1. 0. 0. 0. 0. 0. 0. 0. 0. 1. 1. 0. 1. 0. 0. 1. 0.
 0.]",36.74716,39.05605,0.059117284
"[0. 0. 0. 0. 0. 0. 1. 0. 1. 0. 0. 0. 0. 0. 0. 0. 0. 0. 0. 0. 0. 0. 1. 1.
 0.]",51.45892,54.299736,0.052317318
"[1. 0. 0. 0. 1. 0. 1. 0. 1. 0. 0. 1. 0. 0. 0. 0. 0. 0. 0. 1. 0. 1. 1. 0.
 1.]",28.556921,30.343317,0.0588728
"[1. 0. 0. 0. 1. 1. 1. 0. 0. 0. 1. 1. 1. 1. 0. 1. 0. 1. 1. 0. 1. 0. 1. 1.
 0.]",20.925184,22.992174,0.08989971
"[1. 0. 1. 1. 0. 1. 1. 0. 1. 1. 1. 0. 0. 1. 1. 1. 0. 0. 1. 0. 0. 1. 1. 0.
 1.]",18.634012,19.077494,0.023246316
"[1. 0. 0. 1. 1. 0. 0. 1. 1. 1. 1. 0. 0. 0. 1. 1. 1. 1. 1. 0. 1. 1. 1. 0.
 0.]",17.712025,16.72771,0.058843315
"[0. 1. 0. 0. 0. 0. 0. 0. 0. 1. 0. 1. 1. 1. 0. 0. 0. 1. 1. 0. 0. 1. 1. 0.
 0.]",33.005447,32.170044,0.025968365
"[0. 0. 0. 1. 1. 1. 1. 0. 1. 1. 0. 0. 1. 1. 0. 1. 0. 1. 1. 1. 1. 1. 1. 1.
 1.]",16.07018,16.945696,0.05166592
"[0. 1. 1. 0. 1. 1. 1. 0. 1. 0. 0. 0. 0. 1. 1. 0. 0. 0. 1. 1. 0. 1. 0. 1.
 1.]",23.052744,22.370663,0.030489987
"[0. 1. 1. 0. 0. 1. 1. 0. 1. 1. 1. 1. 1. 1. 1. 0. 0. 1. 0. 0. 0. 1. 0. 0.
 0.]",19.060848,18.38429,0.03680085
"[0. 1. 1. 0. 0. 0. 1. 1. 0. 1. 1. 0. 1. 1. 1. 0. 0. 1. 1. 0. 0. 0. 1. 1.
 0.]",22.88746,25.403452,0.09904131
"[0. 0. 1. 0. 1. 0. 0. 1. 1. 0. 1. 1. 1. 0. 1. 0. 1. 1. 0. 1. 0. 1. 1. 1.
 1.]",19.226204,20.280983,0.052008282
"[1. 0. 1. 1. 0. 1. 1. 0. 1. 0. 1. 1. 0. 1. 0. 0. 1. 1. 0. 1. 0. 1. 0. 1.
 0.]",21.510073,21.40645,0.0048407107
"[0. 1. 0. 1. 1. 1. 1. 1. 0. 0. 1. 0. 0. 0. 1. 0. 1. 1. 0. 1. 1. 0. 1. 1.
 1.]",24.482668,17.316666,0.41382113
"[1. 0. 0. 0. 0. 0. 1. 0. 0. 0. 0. 0. 0. 1. 1. 0. 0. 1. 0. 1. 0. 0. 0. 1.
 0.]",36.109566,35.214355,0.025421742
"[0. 1. 0. 0. 0. 0. 0. 0. 0. 0. 1. 0. 1. 1. 1. 0. 1. 0. 1. 0. 1. 0. 0. 0.
 0.]",29.059965,29.562798,0.017008958
"[0. 0. 1. 0. 1. 0. 0. 1. 1. 1. 0. 0. 0. 0. 0. 0. 0. 1. 0. 0. 0. 1. 0. 0.
 0.]",37.64358,37.91756,0.0072256546
"[1. 1. 0. 1. 0. 0. 0. 0. 1. 0. 0. 0. 1. 1. 1. 1. 1. 0. 0. 0. 1. 1. 0. 1.
 1.]",19.998346,20.425959,0.020934748
"[1. 0. 0. 0. 1. 1. 0. 0. 0. 1. 1. 1. 1. 1. 1. 0. 0. 0. 0. 1. 1. 0. 1. 1.
 0.]",20.04586,22.41406,0.10565691
"[1. 0. 1. 0. 1. 1. 1. 0. 0. 0. 0. 0. 0. 0. 1. 1. 0. 0. 1. 1. 0. 0. 1. 1.
 0.]",24.38406,24.222034,0.006689176
"[0. 1. 0. 0. 0. 1. 0. 0. 0. 0. 1. 1. 0. 0. 0. 1. 1. 1. 1. 0. 0. 0. 1. 0.
 0.]",31.605778,31.516996,0.0028169358
"[0. 1. 0. 1. 1. 1. 0. 0. 0. 1. 0. 1. 0. 1. 0. 0. 1. 0. 1. 0. 0. 0. 1. 1.
 0.]",34.097057,26.355001,0.29376042
"[1. 1. 1. 0. 0. 1. 1. 0. 0. 0. 1. 1. 0. 1. 0. 1. 0. 0. 1. 0. 1. 1. 1. 0.
 1.]",21.889332,23.56385,0.07106303
"[0. 0. 1. 0. 1. 0. 0. 0. 1. 1. 0. 1. 1. 1. 0. 0. 0. 1. 0. 0. 1. 1. 0. 0.
 0.]",26.682562,26.74939,0.0024982914
"[1. 1. 0. 1. 0. 0. 1. 1. 0. 1. 1. 1. 0. 1. 0. 0. 1. 0. 0. 0. 1. 0. 0. 0.
 0.]",24.955841,25.892788,0.03618563
"[1. 1. 0. 1. 0. 1. 1. 0. 0. 1. 1. 0. 1. 1. 1. 1. 1. 0. 0. 0. 0. 1. 0. 1.
 1.]",18.700693,19.505884,0.04127939
"[0. 0. 1. 1. 0. 1. 0. 1. 0. 1. 0. 0. 1. 1. 0. 0. 1. 1. 0. 1. 1. 0. 1. 1.
 0.]",21.9691,21.258118,0.03344526
"[1. 1. 1. 0. 0. 0. 0. 1. 1. 1. 0. 1. 0. 0. 0. 1. 0. 0. 0. 0. 1. 0. 0. 0.
 0.]",26.955568,27.032516,0.002846504
"[0. 0. 0. 0. 0. 0. 0. 0. 0. 1. 1. 0. 1. 0. 0. 0. 0. 0. 0. 0. 0. 1. 0. 0.
 0.]",50.562946,53.380432,0.052781247
"[0. 1. 1. 1. 0. 0. 0. 1. 0. 0. 0. 0. 1. 0. 1. 1. 1. 0. 1. 0. 0. 1. 0. 0.
 1.]",25.367163,25.504543,0.0053865146
"[1. 0. 1. 0. 1. 0. 0. 1. 1. 0. 0. 0. 1. 0. 0. 0. 1. 0. 0. 1. 1. 1. 1. 1.
 1.]",20.00786,19.832287,0.008852905
"[0. 1. 0. 0. 1. 1. 1. 0. 1. 0. 0. 0. 0. 1. 0. 0. 0. 0. 1. 1. 1. 1. 1. 1.
 0.]",22.193407,22.889412,0.030407285
"[1. 0. 1. 1. 1. 0. 1. 1. 1. 1. 0. 1. 1. 1. 1. 1. 0. 1. 0. 1. 1. 0. 0. 1.
 0.]",17.560287,17.139282,0.024563761
"[0. 1. 0. 1. 0. 0. 0. 1. 0. 0. 0. 0. 0. 0. 1. 0. 0. 0. 0. 0. 0. 0. 1. 1.
 0.]",42.214794,41.833458,0.00911558
"[1. 0. 0. 0. 1. 0. 0. 1. 0. 1. 1. 0. 0. 1. 0. 1. 1. 1. 0. 1. 1. 0. 1. 0.
 0.]",23.185247,24.519047,0.0543985
"[0. 1. 1. 0. 0. 0. 0. 0. 0. 0. 1. 1. 0. 0. 0. 0. 0. 0. 0. 0. 0. 0. 1. 0.
 0.]",50.52233,51.08434,0.011001569
"[0. 0. 1. 1. 0. 1. 0. 1. 1. 1. 1. 0. 0. 1. 1. 0. 0. 0. 1. 0. 1. 1. 0. 0.
 1.]",21.320673,20.766167,0.026702391
"[0. 0. 0. 0. 0. 0. 0. 1. 1. 1. 0. 1. 0. 0. 0. 0. 0. 0. 0. 0. 0. 0. 0. 1.
 1.]",38.02451,39.602875,0.039854817
"[0. 0. 0. 1. 1. 0. 1. 1. 0. 1. 0. 1. 0. 0. 0. 1. 0. 1. 0. 1. 1. 0. 1. 1.
 1.]",21.689457,21.150772,0.025468802
"[0. 0. 1. 0. 0. 0. 0. 0. 0. 0. 1. 1. 1. 0. 1. 0. 0. 1. 0. 1. 0. 0. 0. 0.
 0.]",34.178078,34.272255,0.002747915
"[0. 0. 0. 0. 0. 1. 1. 0. 0. 0. 0. 1. 0. 1. 0. 0. 0. 0. 0. 0. 1. 0. 0. 0.
 1.]",41.35686,42.428738,0.025262984
"[0. 0. 0. 0. 1. 1. 0. 0. 0. 0. 0. 1. 0. 1. 0. 0. 1. 1. 0. 0. 0. 0. 0. 0.
 0.]",38.35971,41.375862,0.0728964
"[0. 1. 0. 0. 1. 0. 1. 1. 1. 1. 1. 1. 0. 1. 1. 0. 1. 1. 0. 1. 0. 1. 0. 0.
 0.]",19.39691,20.821236,0.06840737
"[1. 1. 1. 1. 1. 1. 0. 0. 0. 1. 1. 1. 1. 1. 0. 1. 1. 0. 0. 1. 1. 1. 0. 0.
 1.]",15.815176,16.859896,0.061964776
"[1. 1. 0. 0. 0. 0. 0. 1. 0. 1. 0. 1. 0. 1. 1. 1. 0. 0. 1. 1. 0. 1. 0. 0.
 0.]",24.482977,25.88422,0.054135036
"[1. 0. 0. 1. 1. 1. 0. 1. 0. 0. 0. 0. 0. 1. 1. 1. 1. 1. 1. 1. 0. 1. 0. 0.
 1.]",18.532068,18.585901,0.0028964432
"[1. 1. 1. 0. 0. 1. 0. 1. 0. 1. 0. 0. 0. 1. 1. 0. 0. 1. 1. 1. 1. 1. 1. 1.
 0.]",19.203352,19.632917,0.021879857
"[0. 0. 0. 1. 0. 0. 0. 0. 0. 0. 0. 0. 0. 0. 0. 0. 0. 0. 0. 1. 0. 0. 0. 0.
 0.]",76.89959,73.75307,0.042662937
"[1. 1. 0. 0. 1. 1. 0. 1. 0. 1. 0. 0. 0. 1. 1. 1. 1. 0. 0. 0. 1. 0. 1. 1.
 1.]",19.09227,17.696552,0.07886946
"[0. 1. 1. 1. 0. 0. 1. 1. 1. 1. 0. 1. 1. 0. 0. 1. 0. 0. 1. 1. 1. 0. 1. 1.
 1.]",17.886908,17.552462,0.019054078
"[1. 0. 1. 0. 0. 0. 0. 0. 0. 1. 1. 1. 1. 1. 0. 0. 1. 1. 1. 0. 1. 1. 0. 1.
 0.]",21.25234,22.721779,0.06467093
"[1. 0. 0. 1. 0. 0. 1. 1. 0. 1. 0. 1. 0. 0. 0. 1. 1. 0. 1. 1. 1. 1. 0. 1.
 1.]",20.611738,20.336473,0.01353552
"[0. 1. 1. 0. 0. 1. 1. 1. 1. 1. 0. 0. 0. 1. 0. 0. 0. 1. 0. 0. 0. 0. 1. 0.
 1.]",22.558043,24.14727,0.065813966
"[0. 1. 0. 1. 1. 0. 1. 1. 1. 1. 1. 0. 1. 0. 1. 0. 0. 0. 1. 0. 1. 0. 0. 0.
 1.]",20.905594,21.199295,0.013854289
"[1. 0. 1. 1. 0. 1. 1. 0. 0. 1. 1. 1. 0. 1. 1. 0. 1. 1. 1. 0. 0. 0. 0. 1.
 0.]",19.290483,19.207386,0.004326328
"[1. 0. 0. 0. 0. 1. 0. 0. 0. 0. 1. 0. 0. 0. 0. 0. 0. 1. 0. 0. 1. 0. 0. 1.
 1.]",37.942944,36.889015,0.02857025
"[1. 1. 1. 0. 0. 0. 1. 0. 1. 0. 0. 0. 0. 0. 0. 1. 0. 0. 0. 0. 0. 1. 0. 1.
 1.]",26.702126,29.182194,0.084985666
"[1. 0. 1. 1. 0. 0. 1. 0. 1. 0. 1. 1. 0. 0. 0. 1. 0. 1. 0. 1. 0. 1. 1. 0.
 1.]",22.460548,21.74361,0.032972354
"[1. 0. 0. 0. 0. 0. 0. 0. 1. 1. 0. 0. 1. 0. 0. 0. 0. 0. 1. 1. 1. 1. 1. 1.
 0.]",24.455557,25.406384,0.037424713
"[1. 0. 1. 1. 0. 0. 1. 0. 1. 0. 0. 0. 0. 0. 0. 0. 0. 0. 0. 0. 1. 1. 0. 1.
 0.]",32.46707,30.489456,0.06486227
"[0. 1. 0. 1. 0. 1. 0. 1. 0. 1. 0. 0. 0. 1. 1. 0. 0. 0. 0. 1. 0. 0. 0. 1.
 0.]",29.921679,32.851303,0.08917834
"[0. 0. 0. 1. 1. 1. 0. 0. 0. 1. 1. 1. 1. 0. 1. 1. 0. 1. 1. 1. 0. 0. 0. 1.
 1.]",20.559677,21.995646,0.065284215
"[1. 0. 0. 1. 0. 1. 0. 0. 0. 1. 1. 1. 1. 1. 0. 1. 1. 0. 0. 1. 0. 0. 1. 1.
 1.]",18.529358,19.742813,0.061463136
"[0. 0. 0. 0. 0. 0. 0. 0. 0. 0. 0. 0. 0. 0. 1. 0. 0. 0. 0. 0. 0. 1. 0. 0.
 1.]",62.46936,66.01279,0.05367788
"[1. 0. 1. 1. 0. 1. 1. 1. 1. 1. 0. 0. 1. 1. 1. 0. 0. 0. 1. 0. 0. 1. 1. 1.
 0.]",18.303194,18.472996,0.009191888
"[0. 1. 0. 1. 0. 1. 1. 0. 0. 1. 0. 0. 0. 1. 1. 0. 1. 0. 0. 1. 1. 1. 0. 1.
 0.]",25.700216,25.83548,0.005235569
"[0. 1. 0. 0. 1. 0. 0. 1. 1. 0. 0. 1. 0. 0. 0. 1. 1. 0. 1. 0. 1. 0. 0. 0.
 1.]",26.514206,26.88392,0.013752263
"[1. 1. 0. 1. 0. 1. 1. 0. 1. 1. 0. 0. 1. 1. 1. 0. 0. 0. 1. 0. 0. 1. 0. 1.
 1.]",20.51756,20.416162,0.004966485
"[0. 1. 0. 1. 0. 1. 1. 0. 0. 1. 1. 0. 1. 0. 0. 0. 1. 1. 0. 1. 0. 1. 1. 1.
 0.]",22.189596,21.456694,0.03415729
"[0. 0. 0. 1. 1. 0. 0. 0. 0. 1. 1. 0. 0. 0. 0. 0. 0. 0. 0. 0. 0. 1. 0. 0.
 1.]",41.072723,42.649452,0.036969498
"[0. 0. 0. 0. 1. 1. 1. 0. 1. 0. 1. 0. 1. 0. 1. 0. 1. 1. 0. 1. 1. 1. 0. 0.
 0.]",23.440666,22.445847,0.044320878
"[0. 0. 0. 0. 1. 0. 1. 1. 1. 0. 1. 0. 0. 1. 1. 1. 0. 0. 0. 1. 0. 0. 1. 1.
 0.]",23.264578,24.549068,0.052323394
"[0. 0. 1. 0. 0. 0. 0. 0. 0. 0. 0. 0. 0. 0. 0. 0. 0. 0. 0. 0. 1. 0. 1. 0.
 0.]",62.88585,64.56204,0.025962519
"[1. 1. 1. 0. 1. 0. 1. 1. 1. 1. 1. 0. 1. 1. 0. 0. 1. 1. 0. 1. 0. 1. 0. 0.
 1.]",17.912336,16.500202,0.08558284
"[1. 0. 0. 0. 0. 0. 0. 0. 0. 1. 0. 0. 0. 0. 0. 1. 1. 0. 0. 1. 1. 1. 0. 1.
 1.]",30.922594,29.023943,0.065416716
"[1. 0. 1. 0. 1. 0. 0. 0. 0. 0. 0. 1. 0. 0. 0. 0. 1. 0. 0. 0. 0. 0. 1. 0.
 1.]",37.69677,38.62694,0.024080912
"[1. 1. 0. 0. 0. 0. 1. 1. 1. 1. 1. 0. 0. 0. 1. 1. 1. 1. 0. 0. 1. 1. 1. 1.
 1.]",23.058554,17.164923,0.34335318
"[0. 0. 0. 0. 0. 0. 1. 0. 0. 0. 1. 0. 0. 0. 0. 0. 1. 1. 0. 0. 0. 0. 0. 0.
 0.]",53.574127,54.47456,0.016529415
"[1. 0. 1. 0. 0. 0. 0. 0. 1. 1. 1. 0. 1. 0. 1. 1. 1. 0. 0. 1. 0. 0. 1. 0.
 1.]",23.616386,22.575253,0.04611837
"[0. 1. 0. 1. 1. 0. 1. 0. 0. 0. 1. 1. 0. 0. 0. 1. 1. 0. 0. 1. 1. 0. 1. 0.
 1.]",24.922586,24.432259,0.02006887
"[1. 1. 0. 1. 1. 0. 0. 1. 0. 1. 0. 0. 1. 1. 0. 0. 1. 0. 0. 0. 1. 0. 0. 1.
 1.]",22.186169,20.829472,0.065133534
"[1. 1. 0. 0. 0. 0. 0. 0. 1. 0. 0. 0. 0. 1. 0. 0. 0. 0. 0. 0. 0. 0. 0. 1.
 0.]",45.30815,44.846375,0.010296858
"[1. 1. 1. 0. 1. 0. 1. 0. 1. 1. 0. 1. 1. 0. 1. 1. 0. 1. 1. 1. 0. 0. 1. 0.
 0.]",17.97722,18.003843,0.0014787272
"[1. 1. 0. 0. 1. 1. 0. 1. 1. 1. 0. 0. 1. 1. 0. 0. 0. 0. 0. 1. 1. 0. 0. 1.
 1.]",21.224333,21.149326,0.003546519
"[1. 1. 1. 1. 0. 0. 1. 0. 0. 1. 1. 1. 0. 0. 0. 0. 0. 0. 1. 1. 0. 0. 1. 0.
 1.]",22.046288,20.251064,0.08864834
"[0. 0. 0. 0. 0. 0. 1. 0. 1. 0. 1. 0. 1. 0. 0. 0. 1. 1. 1. 0. 1. 1. 0. 0.
 1.]",24.361189,25.736313,0.053431273
"[0. 0. 0. 1. 1. 1. 0. 1. 1. 1. 1. 1. 1. 0. 0. 1. 0. 1. 1. 1. 1. 0. 1. 1.
 0.]",17.259163,17.607542,0.01978579
"[1. 0. 1. 0. 1. 1. 0. 1. 1. 1. 1. 0. 0. 0. 1. 1. 0. 1. 0. 0. 1. 0. 1. 1.
 0.]",30.655645,22.500744,0.3624281
"[1. 1. 1. 1. 1. 1. 0. 1. 0. 1. 1. 1. 0. 1. 0. 1. 0. 0. 0. 0. 0. 0. 0. 0.
 0.]",20.990427,20.91513,0.0036000924
"[1. 0. 0. 1. 1. 0. 1. 0. 0. 1. 0. 0. 0. 0. 0. 1. 1. 1. 1. 1. 1. 1. 1. 0.
 0.]",19.256865,19.02322,0.012282068
"[1. 0. 0. 1. 0. 1. 1. 0. 0. 1. 0. 0. 1. 0. 0. 1. 1. 0. 0. 1. 0. 1. 0. 1.
 0.]",24.098171,22.652325,0.06382773
"[1. 0. 0. 0. 0. 1. 1. 0. 0. 1. 0. 1. 0. 0. 1. 1. 0. 1. 0. 1. 0. 1. 0. 1.
 0.]",26.071062,24.835163,0.049764078
"[0. 0. 0. 1. 1. 1. 0. 0. 0. 0. 1. 0. 1. 0. 1. 0. 0. 0. 1. 1. 1. 1. 1. 0.
 0.]",22.416014,22.977034,0.024416551
"[1. 0. 1. 1. 0. 1. 0. 1. 1. 0. 1. 0. 0. 1. 1. 0. 1. 0. 0. 1. 0. 1. 1. 0.
 1.]",22.059122,21.219994,0.03954424
"[1. 0. 0. 0. 1. 1. 0. 0. 0. 0. 0. 1. 1. 0. 0. 0. 1. 0. 0. 1. 1. 0. 0. 0.
 0.]",36.308746,37.86181,0.041019235
"[0. 0. 0. 0. 0. 0. 0. 0. 0. 0. 0. 1. 0. 0. 1. 0. 0. 0. 0. 0. 0. 0. 1. 0.
 0.]",59.370342,60.074066,0.011714271
"[0. 0. 1. 0. 0. 1. 0. 0. 1. 0. 0. 1. 1. 1. 1. 0. 1. 1. 1. 1. 0. 0. 1. 0.
 0.]",23.223417,23.014048,0.009097472
"[1. 0. 1. 0. 1. 0. 1. 0. 0. 0. 0. 0. 1. 0. 0. 0. 0. 0. 0. 0. 0. 0. 0. 0.
 0.]",41.782597,43.887955,0.047971208
"[1. 0. 0. 0. 1. 0. 0. 0. 1. 0. 0. 0. 1. 0. 0. 0. 1. 1. 0. 0. 0. 1. 0. 0.
 1.]",34.152924,34.59942,0.012904698
"[0. 0. 0. 1. 0. 0. 1. 0. 0. 0. 1. 0. 0. 0. 1. 1. 1. 0. 1. 0. 0. 1. 1. 1.
 0.]",25.934832,25.907663,0.0010486578
"[1. 0. 1. 0. 0. 1. 0. 1. 0. 1. 0. 0. 0. 1. 1. 1. 1. 1. 0. 1. 0. 0. 0. 0.
 1.]",22.207924,23.828625,0.06801487
"[1. 0. 0. 0. 0. 0. 0. 0. 0. 0. 0. 0. 1. 0. 0. 0. 0. 0. 0. 1. 0. 0. 0. 0.
 1.]",62.829285,54.008102,0.16333072
"[0. 1. 0. 1. 0. 0. 0. 1. 0. 0. 0. 1. 1. 0. 0. 1. 0. 0. 0. 0. 0. 1. 0. 1.
 1.]",28.926235,29.520401,0.020127295
"[1. 0. 1. 0. 0. 0. 0. 1. 0. 1. 0. 0. 1. 0. 0. 0. 1. 0. 1. 0. 0. 0. 1. 0.
 0.]",33.640373,34.037323,0.011662191
"[1. 1. 1. 0. 1. 0. 0. 0. 1. 0. 0. 1. 0. 1. 0. 0. 1. 0. 1. 1. 0. 1. 1. 1.
 0.]",21.323511,21.491682,0.007824931
"[1. 0. 0. 1. 0. 0. 1. 1. 0. 1. 0. 0. 0. 1. 1. 0. 0. 0. 1. 1. 1. 0. 0. 1.
 1.]",24.817253,26.584694,0.0664834
"[1. 0. 1. 1. 1. 1. 1. 0. 1. 0. 0. 1. 1. 0. 0. 0. 1. 0. 0. 0. 0. 1. 0. 1.
 0.]",22.7169,22.010715,0.032083664
"[0. 1. 0. 1. 1. 0. 1. 0. 1. 0. 0. 0. 0. 1. 0. 0. 0. 1. 1. 0. 1. 1. 1. 1.
 1.]",21.077208,22.835684,0.07700563
"[0. 0. 0. 1. 1. 0. 1. 0. 0. 0. 0. 1. 1. 0. 1. 0. 1. 0. 1. 1. 1. 0. 1. 0.
 0.]",24.19462,22.687302,0.06643886
"[1. 0. 1. 1. 1. 1. 0. 0. 1. 1. 0. 1. 0. 0. 1. 1. 0. 0. 1. 1. 0. 0. 1. 1.
 1.]",20.473917,21.918282,0.06589771
"[0. 0. 0. 1. 0. 1. 1. 1. 0. 1. 0. 0. 0. 1. 1. 0. 1. 0. 0. 0. 1. 0. 1. 0.
 0.]",23.511526,23.460619,0.0021698973
"[0. 0. 1. 1. 0. 1. 0. 0. 0. 1. 0. 0. 1. 1. 0. 0. 0. 0. 0. 1. 1. 1. 1. 1.
 0.]",22.218786,21.828773,0.017866911
"[0. 1. 0. 1. 0. 0. 1. 0. 0. 0. 1. 0. 1. 0. 0. 1. 0. 0. 0. 1. 0. 0. 0. 0.
 0.]",36.407486,34.02572,0.06999903
"[1. 0. 0. 0. 1. 0. 1. 0. 0. 0. 1. 0. 1. 0. 0. 0. 1. 1. 0. 0. 0. 1. 0. 0.
 0.]",35.766228,35.952194,0.0051726047
"[1. 0. 0. 1. 0. 1. 1. 0. 1. 0. 0. 1. 0. 1. 0. 0. 1. 1. 0. 1. 1. 0. 1. 1.
 1.]",21.272278,21.40171,0.0060477727
"[0. 1. 1. 1. 0. 0. 1. 1. 0. 0. 1. 1. 0. 0. 1. 0. 1. 1. 1. 1. 1. 1. 1. 1.
 0.]",18.091103,17.37843,0.04100907
"[0. 1. 0. 1. 0. 1. 0. 1. 0. 1. 1. 1. 0. 1. 0. 1. 0. 0. 0. 0. 0. 0. 1. 1.
 1.]",22.232815,21.962944,0.01228755
"[1. 0. 1. 0. 1. 1. 1. 1. 0. 0. 1. 1. 0. 1. 0. 1. 1. 0. 1. 0. 0. 0. 1. 1.
 1.]",19.44674,19.979294,0.026655328
"[1. 0. 0. 1. 1. 0. 0. 1. 0. 0. 0. 0. 0. 0. 1. 1. 0. 1. 1. 0. 0. 0. 0. 0.
 1.]",30.209618,28.424583,0.062798955
"[1. 0. 0. 1. 1. 0. 1. 1. 1. 1. 1. 1. 1. 0. 1. 1. 1. 0. 0. 1. 1. 0. 1. 0.
 1.]",16.679598,16.297733,0.023430532
"[0. 0. 0. 0. 0. 0. 1. 0. 0. 0. 0. 0. 0. 0. 0. 0. 0. 0. 0. 0. 1. 1. 0. 0.
 0.]",63.91064,63.691082,0.0034472442
"[1. 1. 1. 0. 1. 1. 0. 1. 0. 1. 0. 1. 1. 1. 0. 0. 0. 1. 0. 1. 0. 0. 1. 1.
 0.]",19.811007,18.997038,0.042847134
"[1. 0. 0. 1. 1. 0. 0. 0. 0. 0. 0. 0. 0. 0. 0. 1. 0. 0. 1. 0. 1. 0. 1. 0.
 0.]",35.286884,34.26402,0.029852461
"[1. 0. 1. 0. 1. 1. 0. 1. 0. 1. 1. 0. 1. 0. 1. 1. 0. 1. 0. 1. 0. 0. 0. 0.
 0.]",31.38714,26.933647,0.16535054
"[0. 1. 1. 0. 1. 1. 0. 0. 0. 1. 0. 0. 1. 1. 0. 1. 1. 0. 0. 0. 0. 1. 0. 0.
 1.]",32.863853,25.959734,0.26595494
"[0. 0. 0. 1. 0. 0. 1. 0. 0. 0. 0. 0. 0. 1. 0. 0. 0. 1. 0. 0. 0. 0. 0. 0.
 0.]",52.747704,52.910385,0.0030746625
"[0. 0. 1. 1. 0. 1. 1. 0. 1. 1. 0. 0. 0. 0. 1. 1. 0. 1. 1. 0. 0. 1. 1. 0.
 0.]",21.890638,20.874405,0.04868323
"[1. 1. 0. 1. 1. 0. 1. 1. 1. 1. 0. 0. 0. 0. 1. 0. 0. 1. 1. 1. 0. 1. 0. 1.
 1.]",18.599854,19.12804,0.02761322
"[0. 1. 1. 0. 0. 0. 1. 1. 0. 0. 0. 1. 0. 1. 1. 1. 1. 1. 0. 1. 0. 1. 1. 1.
 1.]",18.873941,19.709976,0.042416833
"[1. 0. 0. 0. 0. 0. 0. 0. 0. 0. 0. 0. 0. 1. 0. 1. 0. 0. 0. 0. 0. 0. 0. 0.
 0.]",61.88847,63.247955,0.02149454
"[0. 1. 1. 1. 0. 1. 1. 1. 1. 1. 1. 1. 1. 0. 1. 0. 0. 0. 0. 1. 0. 0. 1. 1.
 1.]",16.704134,16.683916,0.0012118196
"[0. 0. 1. 0. 1. 0. 1. 1. 0. 0. 1. 1. 1. 1. 1. 0. 0. 1. 0. 1. 0. 1. 1. 0.
 0.]",20.394398,22.12119,0.078060515
"[1. 1. 0. 1. 1. 0. 0. 1. 1. 1. 1. 1. 0. 1. 1. 0. 1. 0. 0. 0. 1. 0. 0. 1.
 0.]",18.830976,18.825201,0.00030679363
"[1. 0. 1. 0. 0. 0. 0. 0. 0. 1. 1. 1. 1. 1. 0. 1. 0. 1. 1. 0. 1. 1. 0. 0.
 1.]",20.016535,21.98184,0.08940586
"[1. 1. 1. 1. 0. 0. 1. 0. 0. 1. 1. 0. 1. 1. 1. 0. 0. 1. 0. 0. 1. 1. 0. 1.
 1.]",17.025923,17.161724,0.007913034
"[1. 1. 0. 0. 0. 1. 1. 0. 0. 1. 1. 0. 1. 1. 1. 0. 0. 1. 0. 0. 0. 1. 0. 0.
 0.]",24.898687,24.536358,0.014767044
"[1. 1. 1. 1. 1. 0. 1. 1. 0. 0. 1. 1. 0. 0. 0. 1. 0. 0. 1. 1. 0. 1. 0. 1.
 0.]",18.501688,19.472633,0.049862046
"[0. 0. 0. 1. 1. 0. 1. 1. 0. 1. 1. 1. 0. 0. 0. 0. 1. 1. 1. 1. 1. 1. 1. 1.
 1.]",16.128805,16.455269,0.019839464
"[1. 0. 0. 0. 0. 1. 0. 0. 0. 1. 0. 0. 0. 1. 0. 1. 0. 1. 1. 1. 1. 1. 1. 1.
 1.]",19.890131,21.929296,0.092988186
"[0. 0. 1. 1. 1. 1. 1. 1. 0. 1. 0. 0. 0. 1. 1. 1. 1. 1. 0. 1. 1. 1. 0. 0.
 0.]",16.74684,15.704821,0.06635026
"[1. 0. 0. 0. 0. 1. 0. 1. 0. 1. 0. 0. 0. 0. 1. 0. 0. 0. 0. 0. 1. 0. 1. 0.
 0.]",39.56437,39.65118,0.002189369
"[0. 1. 0. 0. 0. 1. 0. 0. 0. 1. 0. 1. 0. 0. 0. 0. 1. 0. 0. 0. 0. 0. 1. 0.
 1.]",37.70243,39.256115,0.039578147
"[1. 1. 1. 1. 1. 1. 0. 0. 0. 1. 1. 0. 1. 1. 0. 1. 0. 0. 0. 0. 0. 0. 0. 1.
 1.]",19.304245,21.09515,0.08489653
"[0. 0. 0. 1. 0. 1. 0. 0. 1. 0. 0. 0. 1. 0. 0. 1. 1. 1. 1. 1. 0. 1. 1. 0.
 0.]",22.067389,22.841839,0.033904903
"[0. 0. 0. 0. 0. 0. 0. 1. 0. 0. 0. 1. 1. 0. 0. 0. 1. 0. 0. 0. 0. 0. 0. 0.
 0.]",62.999794,60.11747,0.04794487
"[0. 1. 0. 0. 1. 1. 1. 1. 0. 1. 0. 1. 0. 0. 1. 1. 1. 1. 0. 0. 0. 1. 0. 0.
 0.]",26.627035,27.809982,0.042536784
"[1. 0. 0. 0. 0. 1. 0. 0. 0. 1. 1. 1. 1. 1. 1. 0. 1. 1. 0. 1. 1. 1. 0. 1.
 1.]",17.967176,18.638763,0.036031734
"[0. 1. 1. 0. 1. 0. 0. 0. 0. 1. 0. 0. 0. 1. 1. 1. 0. 0. 1. 1. 0. 0. 1. 0.
 0.]",27.911184,28.447765,0.018861976
"[0. 1. 0. 1. 0. 1. 0. 0. 0. 0. 1. 1. 0. 1. 1. 0. 1. 0. 1. 0. 1. 1. 0. 0.
 1.]",24.916307,23.966724,0.039620895
"[0. 0. 1. 1. 0. 0. 1. 0. 0. 0. 0. 1. 0. 1. 1. 1. 0. 1. 1. 0. 1. 0. 1. 1.
 0.]",24.542685,23.451488,0.046529926
"[1. 0. 0. 0. 1. 1. 1. 1. 1. 0. 0. 1. 0. 1. 0. 1. 1. 0. 1. 0. 1. 1. 1. 1.
 0.]",18.707706,19.52687,0.041950617
"[1. 1. 1. 1. 0. 0. 1. 1. 0. 0. 1. 0. 1. 1. 1. 0. 0. 1. 0. 1. 0. 0. 1. 0.
 1.]",19.850576,20.871202,0.048901163
"[0. 0. 0. 1. 1. 0. 0. 0. 0. 1. 1. 0. 1. 1. 0. 1. 0. 0. 0. 1. 1. 0. 1. 1.
 1.]",26.247936,26.155268,0.003543016
"[1. 0. 0. 1. 0. 1. 0. 1. 0. 0. 1. 1. 1. 1. 0. 0. 1. 1. 0. 1. 1. 1. 1. 1.
 1.]",24.741554,17.601398,0.40565842
"[0. 0. 0. 1. 1. 0. 0. 0. 1. 0. 0. 0. 1. 0. 0. 1. 1. 1. 1. 0. 0. 1. 1. 1.
 0.]",25.599476,24.833992,0.030824035
"[1. 0. 1. 1. 0. 0. 1. 1. 0. 1. 0. 0. 1. 0. 1. 0. 1. 1. 0. 0. 0. 0. 1. 0.
 0.]",26.519367,26.95398,0.016124234
"[0. 1. 1. 1. 0. 1. 1. 1. 1. 0. 1. 1. 0. 0. 1. 0. 0. 0. 0. 1. 0. 1. 0. 0.
 1.]",21.834898,19.545181,0.117149934
"[0. 1. 0. 1. 0. 0. 1. 1. 1. 1. 0. 1. 1. 0. 0. 1. 1. 1. 0. 0. 1. 1. 0. 1.
 0.]",21.914822,21.168386,0.035261787
"[1. 1. 1. 1. 0. 0. 0. 0. 0. 1. 1. 0. 0. 0. 0. 0. 1. 1. 0. 0. 1. 1. 0. 0.
 1.]",22.068014,21.389372,0.031728014
"[0. 1. 0. 0. 0. 0. 0. 0. 0. 0. 0. 1. 1. 0. 1. 0. 0. 0. 0. 0. 1. 1. 1. 0.
 0.]",35.286507,37.54304,0.060105268
"[1. 1. 0. 0. 1. 0. 0. 1. 0. 0. 1. 0. 0. 1. 0. 1. 1. 1. 1. 1. 1. 1. 0. 0.
 0.]",19.747107,20.473717,0.035489902
"[0. 0. 0. 1. 0. 0. 0. 0. 0. 0. 0. 0. 1. 0. 0. 0. 1. 1. 0. 0. 0. 0. 1. 0.
 0.]",51.414436,52.07444,0.012674235
"[0. 0. 1. 0. 1. 0. 1. 0. 1. 0. 0. 0. 1. 0. 0. 1. 1. 1. 0. 0. 1. 0. 0. 1.
 1.]",24.951023,24.802902,0.0059719174
"[1. 0. 0. 0. 0. 0. 0. 1. 1. 0. 0. 0. 1. 1. 0. 0. 1. 0. 0. 0. 1. 0. 0. 0.
 0.]",40.214275,38.864132,0.03474009
"[1. 0. 0. 1. 0. 1. 1. 1. 1. 1. 0. 0. 1. 0. 1. 1. 1. 0. 0. 0. 0. 1. 0. 1.
 1.]",18.50406,18.403284,0.0054760156
"[0. 0. 1. 0. 0. 1. 1. 0. 0. 0. 1. 0. 1. 1. 0. 0. 1. 0. 1. 0. 1. 1. 1. 1.
 1.]",19.834116,20.063374,0.011426671
"[1. 1. 0. 1. 0. 1. 0. 0. 0. 1. 1. 1. 1. 0. 0. 0. 1. 1. 1. 0. 1. 0. 0. 0.
 1.]",21.216978,21.288696,0.0033688403
"[0. 1. 0. 1. 1. 0. 1. 1. 0. 1. 1. 0. 1. 0. 1. 1. 1. 1. 0. 0. 0. 0. 0. 1.
 1.]",20.335493,20.18032,0.0076892907
"[1. 0. 0. 1. 0. 1. 0. 0. 1. 0. 0. 0. 0. 1. 0. 1. 1. 0. 0. 0. 0. 0. 0. 1.
 0.]",38.53861,36.839043,0.046134908
"[0. 0. 0. 0. 0. 0. 1. 1. 1. 0. 1. 1. 1. 1. 1. 1. 0. 0. 1. 0. 1. 1. 0. 0.
 1.]",19.119366,20.356594,0.06077777
"[1. 1. 0. 0. 1. 0. 0. 1. 1. 0. 1. 1. 0. 1. 0. 0. 1. 1. 0. 1. 0. 0. 1. 1.
 1.]",26.675709,19.42968,0.3729361
"[1. 0. 1. 1. 0. 0. 0. 1. 1. 0. 1. 1. 0. 1. 1. 1. 0. 0. 1. 0. 0. 1. 1. 0.
 1.]",19.55563,18.972263,0.030748382
"[0. 1. 0. 1. 0. 1. 0. 1. 1. 1. 1. 0. 0. 1. 1. 0. 0. 0. 1. 1. 1. 0. 0. 0.
 1.]",22.224724,23.18927,0.041594505
"[0. 0. 0. 0. 0. 1. 0. 0. 0. 0. 0. 0. 0. 1. 0. 0. 0. 0. 0. 0. 0. 1. 0. 0.
 0.]",60.458794,58.514843,0.033221498
"[0. 1. 1. 1. 1. 1. 0. 1. 1. 1. 1. 1. 1. 1. 1. 0. 0. 0. 1. 0. 0. 1. 0. 0.
 0.]",17.004194,17.80037,0.044728003
"[0. 1. 0. 1. 1. 1. 1. 1. 0. 0. 1. 0. 0. 1. 1. 0. 1. 1. 1. 1. 0. 0. 1. 1.
 0.]",17.81467,18.499691,0.037028752
"[1. 1. 1. 1. 1. 0. 0. 0. 0. 1. 0. 0. 1. 1. 0. 1. 0. 0. 1. 1. 0. 0. 1. 1.
 0.]",19.293976,21.314342,0.094789065
"[0. 1. 1. 1. 0. 0. 1. 0. 1. 1. 0. 0. 0. 1. 0. 0. 1. 1. 0. 1. 0. 1. 1. 0.
 0.]",27.727,26.51979,0.045521047
"[1. 1. 0. 1. 0. 0. 0. 1. 0. 0. 0. 0. 0. 0. 0. 1. 1. 1. 1. 0. 1. 1. 1. 0.
 0.]",26.782896,27.612228,0.030034967
"[0. 1. 1. 1. 0. 0. 0. 0. 0. 1. 0. 1. 0. 0. 0. 0. 1. 1. 0. 0. 1. 1. 0. 0.
 1.]",24.491468,24.482733,0.0003568089
"[0. 0. 0. 1. 1. 0. 0. 0. 1. 1. 1. 0. 0. 1. 1. 0. 0. 0. 1. 0. 1. 0. 0. 1.
 1.]",35.780952,30.01249,0.19220209
"[0. 1. 0. 1. 0. 1. 1. 1. 1. 1. 0. 1. 0. 1. 1. 0. 0. 1. 1. 0. 0. 1. 0. 0.
 0.]",19.954786,20.940453,0.04706996
"[0. 1. 1. 1. 0. 0. 0. 0. 1. 0. 1. 0. 0. 1. 0. 0. 1. 1. 0. 1. 1. 0. 0. 1.
 1.]",21.755478,23.75325,0.084105216
"[1. 0. 0. 0. 0. 0. 1. 1. 0. 0. 0. 1. 1. 0. 1. 0. 1. 0. 1. 0. 1. 1. 1. 1.
 0.]",32.460888,22.464928,0.44495848
"[0. 1. 0. 0. 1. 0. 0. 0. 0. 0. 1. 1. 1. 1. 0. 1. 0. 0. 1. 0. 1. 0. 1. 1.
 1.]",21.234444,22.898392,0.07266659
"[0. 1. 1. 1. 0. 1. 1. 1. 0. 0. 0. 0. 1. 1. 0. 0. 1. 1. 0. 1. 1. 0. 1. 0.
 0.]",22.066004,21.718801,0.015986254
"[0. 0. 0. 0. 0. 0. 0. 0. 0. 0. 0. 0. 0. 0. 0. 0. 0. 0. 0. 1. 1. 0. 0. 0.
 0.]",77.33825,76.05239,0.016907532
"[0. 1. 1. 1. 0. 1. 1. 1. 0. 1. 0. 1. 1. 1. 1. 0. 1. 1. 1. 0. 1. 1. 1. 0.
 1.]",15.493667,15.379677,0.0074117184
"[0. 0. 1. 0. 0. 1. 0. 0. 0. 0. 0. 0. 0. 1. 1. 1. 1. 0. 0. 0. 0. 0. 1. 0.
 0.]",33.2073,35.325867,0.059972156
"[1. 1. 0. 0. 0. 0. 1. 1. 0. 0. 0. 0. 0. 0. 0. 0. 0. 1. 0. 0. 0. 0. 0. 0.
 0.]",49.555077,46.821907,0.058373734
"[1. 0. 1. 1. 1. 0. 0. 1. 1. 0. 1. 1. 0. 1. 0. 1. 1. 0. 0. 0. 1. 1. 0. 0.
 0.]",22.378687,21.39523,0.045966208
"[0. 1. 1. 1. 0. 0. 0. 1. 1. 1. 1. 0. 1. 1. 1. 1. 0. 0. 1. 1. 1. 0. 1. 1.
 1.]",18.028795,18.351768,0.017599026
"[0. 0. 1. 1. 1. 0. 1. 1. 0. 0. 0. 0. 0. 1. 1. 0. 0. 1. 0. 0. 0. 1. 1. 1.
 1.]",24.822369,25.045912,0.0089253355
"[0. 1. 0. 0. 1. 1. 0. 0. 1. 0. 1. 0. 1. 0. 0. 0. 1. 0. 1. 0. 1. 0. 0. 1.
 0.]",27.423817,27.533302,0.00397648
"[0. 1. 1. 1. 1. 1. 1. 1. 0. 0. 1. 0. 0. 1. 0. 1. 1. 1. 0. 1. 0. 1. 1. 0.
 1.]",17.705963,16.744743,0.057404272
"[1. 0. 1. 0. 0. 0. 1. 1. 1. 1. 0. 1. 0. 1. 0. 0. 0. 0. 0. 1. 1. 1. 1. 1.
 0.]",21.298477,20.065735,0.061435193
"[1. 0. 1. 1. 1. 0. 0. 1. 0. 0. 1. 1. 0. 1. 0. 1. 0. 0. 1. 0. 0. 0. 0. 1.
 1.]",23.698685,23.918251,0.009179866
"[1. 0. 1. 1. 1. 1. 0. 1. 0. 0. 0. 1. 0. 1. 1. 1. 0. 1. 1. 0. 1. 0. 0. 1.
 0.]",20.635427,21.811426,0.053916633
"[0. 0. 0. 1. 0. 0. 1. 1. 0. 1. 0. 0. 0. 0. 1. 1. 0. 0. 0. 1. 0. 1. 1. 0.
 1.]",26.533054,25.853764,0.026274348
"[0. 1. 0. 0. 1. 0. 0. 1. 1. 0. 1. 0. 1. 0. 0. 0. 1. 1. 1. 1. 0. 0. 1. 0.
 0.]",23.824064,25.568424,0.06822321
"[0. 0. 0. 0. 0. 0. 0. 0. 0. 0. 1. 1. 0. 0. 0. 0. 1. 0. 0. 0. 0. 0. 0. 0.
 0.]",66.90102,69.62421,0.039112695
"[0. 0. 0. 1. 0. 0. 1. 0. 1. 0. 0. 0. 1. 0. 0. 0. 1. 0. 0. 0. 0. 0. 0. 0.
 0.]",50.95816,48.999306,0.039977193
"[1. 0. 0. 0. 0. 0. 0. 1. 0. 1. 1. 1. 1. 1. 1. 1. 0. 0. 1. 1. 0. 1. 1. 1.
 0.]",17.806147,17.08348,0.042302024
"[0. 1. 1. 0. 0. 0. 1. 1. 0. 1. 1. 1. 1. 0. 1. 0. 0. 0. 1. 0. 0. 1. 1. 1.
 1.]",20.30025,19.455462,0.04342162
"[1. 0. 1. 1. 0. 1. 0. 0. 1. 0. 0. 0. 1. 1. 0. 0. 0. 1. 1. 1. 0. 0. 0. 1.
 0.]",30.436539,28.51201,0.067498855
"[1. 1. 0. 0. 0. 1. 0. 0. 0. 0. 0. 1. 0. 0. 0. 0. 1. 0. 0. 0. 0. 1. 0. 1.
 1.]",34.665382,36.05071,0.03842716
"[0. 0. 1. 0. 1. 1. 1. 0. 1. 0. 1. 0. 0. 1. 1. 0. 0. 0. 0. 0. 0. 0. 0. 1.
 0.]",27.838549,30.779823,0.09555853
"[1. 1. 0. 1. 0. 0. 1. 1. 0. 1. 0. 1. 1. 1. 0. 0. 0. 1. 1. 0. 1. 1. 1. 0.
 0.]",21.642931,21.993338,0.0159324
"[0. 0. 1. 1. 1. 0. 0. 0. 0. 0. 1. 0. 1. 1. 1. 0. 1. 0. 1. 0. 0. 1. 1. 1.
 1.]",20.892923,21.383268,0.022931246
"[1. 1. 0. 0. 1. 1. 1. 0. 0. 1. 1. 1. 0. 0. 1. 1. 0. 1. 1. 1. 1. 1. 0. 0.
 0.]",20.602612,22.082417,0.06701282
"[0. 1. 1. 0. 0. 0. 0. 1. 0. 0. 0. 1. 0. 1. 0. 0. 1. 0. 0. 0. 1. 0. 0. 0.
 0.]",38.894558,38.817345,0.001989144
"[1. 1. 1. 0. 0. 1. 1. 0. 0. 0. 0. 1. 0. 1. 1. 0. 1. 0. 0. 1. 0. 0. 1. 0.
 0.]",26.390455,27.825045,0.05155749
"[0. 1. 1. 0. 0. 1. 1. 0. 0. 1. 1. 0. 1. 0. 1. 1. 1. 1. 1. 0. 0. 0. 0. 1.
 0.]",20.93614,20.448925,0.023825949
"[1. 0. 0. 0. 1. 0. 1. 0. 1. 1. 0. 1. 0. 1. 0. 0. 1. 1. 1. 1. 1. 1. 1. 0.
 1.]",19.213726,19.904453,0.034702145
"[0. 0. 0. 0. 1. 0. 0. 0. 0. 0. 0. 0. 0. 0. 0. 0. 0. 0. 0. 0. 0. 0. 0. 0.
 1.]",86.77421,77.39202,0.12122938
"[1. 0. 1. 0. 1. 1. 1. 0. 0. 1. 1. 1. 1. 1. 0. 1. 0. 0. 0. 0. 0. 1. 1. 1.
 0.]",18.859179,18.847359,0.00062713504
"[1. 0. 1. 1. 1. 1. 1. 0. 1. 0. 1. 1. 1. 0. 1. 0. 1. 0. 0. 0. 0. 0. 1. 0.
 0.]",20.612751,19.786829,0.041741
"[0. 0. 1. 1. 1. 0. 0. 1. 1. 0. 0. 0. 1. 0. 1. 0. 1. 0. 1. 0. 1. 0. 0. 0.
 1.]",25.709396,25.98365,0.010554862
"[0. 1. 1. 1. 0. 0. 0. 0. 1. 1. 0. 0. 0. 1. 1. 0. 1. 0. 0. 1. 0. 0. 1. 0.
 0.]",31.937359,31.89017,0.0014797574
"[0. 0. 1. 0. 1. 0. 0. 0. 1. 1. 1. 0. 0. 0. 0. 1. 0. 0. 1. 0. 1. 1. 1. 1.
 0.]",24.37897,24.450722,0.0029345779
"[0. 1. 1. 1. 0. 0. 1. 1. 0. 0. 1. 1. 0. 1. 0. 0. 1. 0. 1. 0. 0. 0. 1. 1.
 1.]",23.810904,24.794003,0.03965068
"[1. 1. 0. 1. 0. 1. 0. 1. 1. 0. 1. 1. 1. 0. 1. 1. 1. 1. 1. 0. 0. 0. 1. 0.
 1.]",16.917398,18.024136,0.061403062
"[1. 1. 1. 1. 0. 1. 0. 1. 1. 1. 1. 0. 0. 0. 0. 0. 0. 1. 0. 0. 1. 0. 0. 1.
 0.]",21.69046,21.217976,0.022268128
"[1. 0. 1. 0. 1. 1. 0. 0. 0. 1. 1. 0. 0. 0. 1. 1. 0. 0. 0. 0. 1. 0. 0. 1.
 1.]",31.027332,32.28648,0.038999222
"[0. 1. 0. 1. 0. 0. 0. 1. 0. 1. 0. 1. 0. 1. 0. 1. 0. 1. 1. 0. 0. 1. 1. 0.
 0.]",26.061098,27.035095,0.036027137
"[1. 1. 0. 1. 1. 0. 1. 1. 1. 0. 0. 1. 1. 1. 1. 0. 0. 1. 1. 1. 0. 0. 0. 0.
 0.]",19.378395,19.980057,0.030113112
"[0. 1. 0. 1. 0. 1. 0. 0. 0. 1. 0. 0. 0. 0. 0. 1. 0. 1. 0. 1. 0. 0. 1. 0.
 1.]",37.523727,28.20366,0.330456
"[0. 1. 0. 0. 0. 0. 0. 1. 1. 1. 1. 0. 1. 1. 0. 1. 1. 0. 1. 0. 1. 1. 0. 1.
 1.]",20.02622,19.76163,0.01338914
"[0. 0. 0. 0. 0. 1. 0. 0. 0. 1. 1. 0. 0. 0. 0. 1. 0. 1. 0. 1. 0. 0. 0. 0.
 0.]",42.17679,45.666885,0.07642512
"[1. 0. 1. 0. 0. 0. 1. 1. 1. 0. 1. 0. 1. 0. 0. 1. 1. 0. 1. 0. 0. 1. 1. 0.
 0.]",26.961369,26.389107,0.021685531
"[0. 1. 1. 1. 1. 1. 0. 1. 1. 0. 1. 1. 0. 0. 0. 0. 0. 0. 1. 1. 1. 1. 0. 0.
 1.]",18.575825,19.202858,0.03265312
"[1. 0. 1. 0. 0. 1. 1. 1. 0. 1. 0. 0. 1. 0. 0. 1. 1. 0. 1. 0. 0. 0. 0. 0.
 1.]",23.28413,24.530993,0.050828047
"[0. 1. 0. 1. 1. 0. 1. 1. 1. 1. 1. 1. 0. 1. 1. 0. 0. 1. 0. 0. 1. 1. 0. 1.
 1.]",16.436543,17.729172,0.072909735
"[0. 0. 1. 1. 0. 1. 1. 0. 1. 1. 0. 0. 0. 1. 0. 0. 0. 1. 0. 1. 0. 1. 1. 0.
 1.]",22.273067,23.325264,0.045109738
"[0. 0. 0. 0. 0. 1. 1. 0. 1. 1. 1. 1. 0. 0. 1. 1. 1. 0. 1. 1. 1. 0. 0. 0.
 1.]",24.133638,22.445538,0.075208746
"[1. 1. 0. 1. 0. 0. 1. 0. 0. 0. 0. 0. 1. 0. 0. 1. 0. 0. 1. 0. 1. 1. 0. 1.
 1.]",24.818644,25.265903,0.017702114
"[0. 1. 0. 0. 0. 1. 0. 1. 0. 0. 1. 1. 1. 1. 0. 1. 1. 1. 1. 0. 1. 0. 1. 1.
 1.]",18.23701,19.398346,0.059867833
"[1. 1. 0. 1. 0. 0. 1. 1. 1. 0. 1. 1. 1. 0. 1. 1. 0. 1. 0. 0. 0. 0. 1. 1.
 0.]",20.072243,19.645119,0.021741992
"[0. 1. 0. 0. 0. 0. 0. 0. 0. 1. 0. 0. 0. 1. 0. 0. 0. 0. 0. 0. 0. 1. 0. 1.
 0.]",47.987324,46.26538,0.03721882
"[0. 0. 0. 1. 0. 1. 0. 0. 0. 0. 0. 0. 0. 0. 0. 0. 0. 0. 1. 0. 0. 0. 1. 0.
 0.]",53.09961,55.329967,0.04031013
"[0. 0. 0. 1. 1. 1. 1. 1. 1. 1. 0. 0. 1. 1. 0. 0. 0. 1. 1. 0. 0. 0. 0. 0.
 1.]",22.078634,22.502361,0.018830337
"[0. 1. 0. 1. 0. 0. 1. 0. 1. 1. 1. 1. 0. 1. 0. 1. 0. 1. 1. 1. 1. 0. 1. 0.
 1.]",19.734205,19.304317,0.022268996
"[1. 0. 1. 1. 1. 0. 0. 1. 1. 0. 1. 1. 0. 1. 0. 0. 0. 1. 1. 1. 1. 0. 0. 0.
 0.]",20.642742,21.275747,0.029752428
"[0. 0. 1. 1. 0. 1. 1. 1. 0. 1. 1. 1. 1. 0. 0. 0. 0. 0. 0. 0. 1. 1. 1. 0.
 0.]",22.105675,21.369232,0.034462754
"[0. 0. 0. 0. 0. 0. 0. 0. 0. 0. 1. 1. 0. 0. 0. 0. 0. 0. 0. 0. 0. 1. 0. 0.
 0.]",66.341995,66.60287,0.0039168266
"[0. 1. 0. 1. 1. 1. 0. 0. 0. 1. 1. 0. 1. 0. 0. 1. 1. 0. 0. 0. 0. 1. 0. 0.
 0.]",28.375025,29.919813,0.051630948
"[0. 1. 0. 1. 0. 0. 0. 1. 0. 0. 0. 0. 0. 0. 1. 0. 0. 0. 0. 1. 0. 0. 1. 0.
 0.]",43.317585,40.228073,0.0767999
"[0. 0. 0. 0. 0. 1. 0. 1. 1. 0. 1. 0. 1. 1. 1. 0. 1. 1. 0. 0. 0. 1. 1. 0.
 1.]",22.585518,22.412483,0.0077204593
"[0. 1. 0. 1. 1. 1. 1. 0. 0. 0. 0. 1. 0. 0. 1. 0. 0. 1. 0. 1. 0. 1. 0. 1.
 0.]",25.695875,26.96206,0.04696176
"[0. 1. 1. 0. 1. 1. 1. 0. 0. 0. 0. 1. 0. 1. 1. 0. 1. 0. 1. 1. 1. 1. 0. 0.
 0.]",22.517939,21.50086,0.04730408
"[1. 0. 0. 0. 0. 0. 0. 0. 1. 0. 0. 0. 0. 1. 0. 0. 1. 0. 0. 0. 0. 1. 0. 0.
 0.]",52.63975,48.682285,0.081291705
"[0. 0. 0. 1. 1. 0. 0. 1. 0. 0. 1. 1. 0. 1. 1. 1. 0. 1. 0. 1. 0. 1. 1. 0.
 1.]",20.186148,20.233376,0.0023341563
"[0. 1. 0. 1. 1. 1. 1. 1. 1. 1. 0. 0. 0. 0. 1. 1. 1. 1. 0. 1. 0. 1. 1. 0.
 0.]",17.388552,18.2682,0.04815188
"[1. 0. 0. 0. 0. 0. 1. 1. 0. 0. 1. 0. 0. 1. 0. 0. 1. 1. 1. 0. 0. 0. 0. 0.
 1.]",27.02339,27.406124,0.0139652835
"[0. 0. 0. 0. 1. 0. 0. 0. 0. 1. 0. 0. 0. 0. 0. 0. 1. 0. 0. 0. 0. 0. 0. 0.
 0.]",67.24272,61.67509,0.090273574
"[1. 1. 1. 0. 1. 1. 0. 0. 1. 1. 1. 1. 1. 1. 1. 0. 0. 1. 0. 1. 0. 1. 1. 0.
 1.]",16.060696,16.983635,0.05434286
"[0. 0. 0. 0. 0. 1. 0. 0. 0. 0. 0. 1. 0. 0. 1. 0. 0. 0. 0. 0. 0. 0. 0. 0.
 1.]",54.282097,54.081604,0.0037072285
"[1. 0. 1. 0. 1. 1. 1. 1. 1. 0. 1. 0. 1. 1. 1. 1. 0. 1. 0. 1. 1. 0. 1. 0.
 1.]",17.82914,17.821613,0.00042231855
"[1. 1. 0. 1. 0. 1. 0. 0. 0. 1. 1. 0. 0. 1. 1. 0. 0. 0. 0. 1. 1. 0. 0. 1.
 1.]",28.078562,28.637476,0.01951688
"[0. 0. 1. 1. 1. 1. 0. 0. 0. 1. 1. 1. 0. 0. 1. 1. 0. 1. 1. 0. 1. 0. 0. 0.
 1.]",21.00051,21.612709,0.028325915
