mean_neighbors,total_edges,largest_comp,n_components,euler,PC1,PC2,kappa
3.2,40,25,1,0,11.475422,-2.5849366,11.112430729553111
3.0,36,24,1,-4,9.149743,-2.6336856,11.420256042784114
3.0833333333333335,37,24,1,-2,11.014349,-2.610321,11.598693418703983
2.782608695652174,32,23,1,-8,9.955947,-2.6771162,12.013442237382687
2.869565217391304,33,23,1,-4,9.215493,-2.5735717,12.194210856370155
2.8181818181818183,31,22,1,-7,9.477796,-2.5323648,12.546543629297295
1.894736842105263,18,18,2,-12,8.31714,-1.8202832,12.844770541358383
2.6,26,20,1,-5,10.799748,-2.344427,13.189077371371582
2.6315789473684212,25,19,1,-8,5.2699523,-2.0633626,13.426371939085978
2.6315789473684212,25,19,1,-8,7.4450183,-2.2055,13.747415810007961
2.1052631578947367,20,19,1,-12,5.19387,-2.2730587,14.039306002118057
2.3157894736842106,22,16,2,-5,6.55456,-2.441331,14.331593145349729
2.4444444444444446,22,18,1,-9,6.789628,-2.2850802,14.633220217524592
1.8888888888888888,17,11,3,-7,9.378644,-2.2100759,14.917107309796826
2.4705882352941178,21,16,2,-3,4.938945,-2.5096924,15.211402702333721
2.2222222222222223,20,17,2,-9,5.308033,-2.2973132,15.49865302286534
2.2222222222222223,20,17,2,-10,4.2913523,-2.5719798,15.792203342848183
2.0,17,16,2,-4,9.215593,-1.8624345,16.084917378453607
1.625,13,13,3,-5,6.177313,-1.4521748,16.37693676525341
2.235294117647059,19,15,2,-5,7.017729,-2.0041165,16.66517804354156
1.75,14,15,2,-6,8.363709,-1.0599831,16.962922019152916
1.75,14,8,2,-5,0.6470982,-2.505063,17.255953478469813
2.0,15,15,1,-7,2.7320938,-2.0160391,17.547036128251683
1.875,15,11,2,-7,1.8378873,-2.475003,17.841365978159278
1.875,15,15,2,-8,7.0012536,-0.67100656,18.13172219776152
1.8666666666666667,14,14,2,-3,5.7400064,-2.1621182,18.42457947332297
1.7333333333333334,13,10,4,-2,3.70279,-1.9526966,18.717966289423142
1.8571428571428572,13,12,3,-3,3.6856835,-1.0521868,19.01055740391791
1.4285714285714286,10,7,4,0,6.4112997,-1.8414031,19.30268215934275
1.6923076923076923,11,5,3,-2,0.868828,-1.8689911,19.59499856911272
1.5714285714285714,11,10,4,-2,5.465284,-1.0653936,19.88793923648141
1.7142857142857142,12,6,4,0,2.924981,-2.223529,20.180206789184002
1.6923076923076923,11,10,3,-1,5.9607434,-0.7121945,20.472845708787176
1.0769230769230769,7,4,6,3,3.9992058,-0.85093164,20.765534259919303
1.5714285714285714,11,8,4,-1,1.8790069,-1.6729262,21.057811672753047
1.8461538461538463,12,9,2,-4,5.882594,-1.5671847,21.35173969581469
1.8571428571428572,13,12,3,-4,5.3144784,-0.587288,21.642930468396074
1.1666666666666667,7,4,5,-1,0.16224922,-1.1104187,21.93488030174619
1.5384615384615385,10,10,3,-1,2.352712,-1.118058,22.227886754542514
1.6923076923076923,11,11,3,-3,4.637135,-1.5904012,22.520151261298476
1.4545454545454546,8,7,4,5,3.313385,-1.4864978,22.812841177709252
1.1666666666666667,7,4,5,0,3.9720974,-0.72570837,23.106758900621475
1.6666666666666667,10,9,3,1,-0.28080952,-1.6677735,23.397133787012436
1.0,6,5,6,1,5.5460525,-1.4084898,23.690291728223166
1.8181818181818181,10,6,3,1,1.5575831,-0.71327716,23.983228751220768
0.7272727272727273,4,3,7,6,3.1334968,-0.1023468,24.275444393420344
1.4545454545454546,8,8,3,1,4.689451,-0.81131583,24.566817855257735
1.3333333333333333,8,5,4,0,5.5600424,-0.66974175,24.860623137061
2.0,13,13,1,0,8.490478,-0.7494267,25.152699134359025
1.2,6,4,4,6,-1.3197526,-1.1619917,25.445891060723536
0.9090909090909091,5,3,6,4,3.649873,-0.4772134,25.738229110936757
1.4545454545454546,8,9,3,-2,0.09069143,-1.2037616,26.030708069523286
1.2,6,5,4,5,8.763559,0.75006074,26.323211996909208
1.2,6,7,4,7,-1.1856295,-0.93242556,26.615522458868035
1.4,7,6,4,4,4.7728252,-0.62091815,26.908998727922988
2.3333333333333335,14,10,2,3,0.37104163,-1.8880082,27.200810629244458
0.4444444444444444,2,3,7,7,0.53480154,-0.9394026,27.493146532919614
0.7272727272727273,4,5,7,5,-0.8453893,-1.2313529,27.779598495297083
1.2,6,4,4,7,4.333273,-0.23370573,28.077883775292086
0.8888888888888888,4,3,5,5,2.8542528,0.35451823,28.370365373740604
1.3333333333333333,6,5,3,0,0.50354964,-0.44006237,28.66288446880766
1.8,9,8,3,1,-7.939035,-2.2889602,28.954532567380078
0.0,0,1,9,8,-1.2792268,-1.2821168,29.250482948249918
1.4,7,5,3,3,3.048613,-0.5344324,29.539995613497634
1.0,5,4,5,4,2.186707,-0.4459615,29.83111824115176
1.4545454545454546,8,6,3,2,5.999647,0.53764534,30.12737139245027
2.0,11,8,2,2,6.119885,0.33084488,30.418719967884748
1.25,5,4,3,0,0.6760474,-0.4652224,30.709537501625604
1.0,5,3,5,4,5.739353,0.1865868,31.002470983866893
1.7777777777777777,8,9,1,-2,0.19756313,-1.1240133,31.295951192740016
1.1111111111111112,5,3,4,8,-5.6987267,-1.3363817,31.588395197751627
0.0,0,1,8,9,-1.5673618,-0.6754092,31.883339338825518
1.8,9,9,2,-1,8.266024,0.35943177,32.17287134922344
1.0,5,3,5,8,4.199014,-0.8998682,32.466564521271025
0.0,0,1,7,11,-0.9424307,-0.84936,32.7560355784309
1.1428571428571428,4,5,3,5,2.8222415,0.55662835,33.049898816477864
1.25,5,6,3,2,-2.8407543,-0.84132946,33.344257112786956
1.1111111111111112,5,4,4,6,-0.9135193,-1.611435,33.638970754843335
1.3333333333333333,6,7,3,3,6.9278827,0.9203966,33.92892454814842
1.1111111111111112,5,6,4,3,-2.8353844,-0.92835426,34.218443089884275
1.25,5,4,3,2,4.037839,-0.5182821,34.51028799387882
0.5714285714285714,2,3,5,9,0.07621622,0.13053952,34.80188060265551
1.0,4,4,4,4,0.6529875,-0.80187565,35.1006111374018
1.25,5,6,3,1,0.38069963,0.03719465,35.389810506778915
1.25,5,3,3,4,2.8004553,0.039949942,35.68354032393795
0.5714285714285714,2,2,5,7,4.543043,0.13451791,35.9770895574056
0.5,2,2,6,12,-1.5572057,-0.97845113,36.26797407501132
1.0,4,3,4,3,5.252909,-0.9472791,36.55695961532745
1.1428571428571428,4,4,3,5,3.036916,0.44941622,36.850362186899474
0.8571428571428571,3,4,4,5,5.329943,1.8166858,37.147859118147565
1.75,7,7,2,3,3.9309595,0.247865,37.4383389844362
0.8571428571428571,3,3,4,6,-6.5575976,-1.2007107,37.735848255522015
1.0,3,3,3,5,-2.7605305,-0.8301629,38.02450821497071
0.5714285714285714,2,3,5,6,0.23367889,-0.431235,38.31237138002455
0.8571428571428571,3,3,4,7,4.144287,0.71562254,38.60873448214272
0.8571428571428571,3,4,4,8,0.7520414,-0.37349814,38.90586546423607
0.6666666666666666,2,3,4,7,6.5142064,0.7403085,39.19252537114963
0.6666666666666666,2,3,4,9,-2.343906,-0.5333201,39.4899321375471
1.1111111111111112,5,4,4,5,7.3840203,0.6579895,39.77556376510177
1.25,5,6,3,3,-0.69747794,-0.5537546,40.06775505401871
1.0,3,3,3,5,1.2657849,0.03409384,40.36638040874746
0.6666666666666666,2,3,4,8,2.0002186,0.7832658,40.666608930694984
0.6666666666666666,2,2,4,8,2.4708774,0.2116118,40.952713494679784
0.25,1,2,7,9,0.6280677,0.7128041,41.238028933740274
0.0,0,1,6,10,0.56038624,-0.056964565,41.530401971189335
0.3333333333333333,1,2,5,9,3.6963837,1.0298275,41.825508292174156
0.0,0,1,6,12,-3.6739168,-1.1569748,42.10454609010093
0.4,1,2,4,7,2.1926985,0.7876039,42.41126277015384
0.6666666666666666,2,3,4,5,0.5090774,-0.2659693,42.70751832305971
1.8,9,8,2,1,-4.188708,-1.3826982,42.992905245730746
0.8,2,2,3,6,-4.292251,-0.6094271,43.28541635711951
0.6666666666666666,2,2,4,4,4.5228696,0.6506769,43.577945730904986
1.0,3,3,3,5,-2.6934407,-0.7639823,43.8701559293543
0.3333333333333333,1,2,5,10,-3.6757765,-0.5466298,44.1623692435929
0.4,1,2,4,5,0.3607627,0.43326458,44.45586719543631
0.4,1,2,4,7,-0.8985282,0.038537003,44.75160690173254
0.4,1,2,4,6,2.649446,1.4618067,45.044423095241555
1.3333333333333333,4,5,2,4,4.5275283,0.3045716,45.340109893613295
0.0,0,1,5,11,-0.67927045,1.1703383,45.623415686867176
0.4,1,2,4,10,-5.5278664,-0.6942952,45.9232734049838
0.8,2,3,3,6,-1.6881287,0.13597299,46.21902828294569
0.6666666666666666,2,3,4,7,11.031719,2.9114282,46.503168725245914
0.8,2,2,3,6,-0.82530886,-0.07317516,46.7867648079538
0.5714285714285714,2,3,5,6,0.567157,0.2498091,47.10217203606118
0.4,1,2,4,8,9.93483,4.122358,47.39675620548572
0.8,2,2,3,7,-7.2688994,-1.2520788,47.69721926301948
0.8,2,3,3,3,-2.5035844,-0.1361881,47.97039504341117
0.4,1,2,4,10,-2.0818052,-0.20235018,48.28220409069076
0.5,1,2,3,8,5.7920485,2.6484258,48.582069961146004
1.0,3,3,3,6,0.10284792,0.29993188,48.84214993559811
0.0,0,1,4,8,-5.764991,-0.48794365,49.13971945675061
0.0,0,1,4,10,-3.699015,-0.25535563,49.422506160124996
0.5,1,2,3,8,-2.9030461,-0.33183694,49.717549524632936
0.4,1,2,4,8,9.825125,3.7801867,50.01708826022637
0.5,1,2,3,6,-5.410933,-0.96120834,50.30291586702815
1.3333333333333333,4,5,2,1,6.592348,1.2260169,50.59026208542025
1.0,2,3,2,6,-4.0847516,-0.9475519,50.88558597660223
0.0,0,1,4,8,-4.050401,-0.40742183,51.176490641033446
0.0,0,1,4,8,-4.1673536,0.14111766,51.48034200095168
0.8,2,2,3,6,2.1299555,1.7327173,51.7696935144808
0.5,1,2,3,8,-8.193772,-1.3112487,52.0663983788506
0.0,0,1,4,7,-8.411487,-1.1585417,52.350228334893174
0.8,2,2,3,7,-1.5694077,0.055586725,52.639751589064396
1.0,2,3,2,6,0.21601354,1.164026,52.923774718360654
0.0,0,1,4,9,2.6470268,1.5762255,53.237357530870305
0.6666666666666666,1,2,2,6,1.1919513,1.7310693,53.528599413739336
0.0,0,1,4,9,0.73406255,1.1379867,53.80894432235824
0.5,1,2,3,6,0.7252224,1.1623554,54.1111306537288
0.5,1,2,3,8,2.1429026,1.3456937,54.409969558916416
0.5,1,2,3,7,-3.1129277,-0.23277271,54.69641661919515
0.5,1,2,3,12,-0.474895,0.4391352,54.98355842338045
1.0,2,3,2,4,-6.9409966,-0.825629,55.26790718159706
0.5,1,2,3,5,-4.785356,-0.27182636,55.55783203112497
0.5,1,2,3,6,0.07333326,0.97027063,55.86185098212742
1.0,2,2,2,3,0.8121555,1.3019826,56.14882289876607
1.0,2,2,2,4,-3.43703,-0.6334959,56.44276319277162
0.6666666666666666,1,2,2,5,-0.37909254,1.2821854,56.75808624019894
0.5,1,2,3,5,-2.9296837,-0.18202087,57.03774919151263
1.0,2,3,2,4,-7.730529,-1.0264937,57.332248773727216
0.0,0,1,3,5,0.5739911,1.0433842,57.63361192312073
0.5,1,2,3,4,-5.771596,-0.6646174,57.92824574925764
0.0,0,1,3,7,-1.8539281,0.20601182,58.20254757504645
1.6666666666666667,5,6,1,-2,-4.8004394,-1.2167643,58.49151834309129
0.0,0,1,3,9,-6.3378787,-0.04817214,58.80147934645915
0.0,0,1,4,8,0.56880397,1.5041585,59.0790907927079
0.0,0,1,3,8,-0.09495531,0.91645724,59.372156985362096
0.6666666666666666,1,2,2,3,-3.6267319,0.4713224,59.67638482190033
0.6666666666666666,1,2,2,6,-1.0999907,0.7880611,59.95380813478613
0.0,0,1,3,9,-9.790542,-1.0848646,60.25729962438318
0.5,1,2,3,4,1.2344224,1.5998163,60.559212035093694
0.5,1,2,3,3,-3.5813959,-0.019881887,60.845697174293626
0.0,0,1,3,5,-1.5046365,1.2161183,61.089734872396285
0.0,0,1,3,8,-2.0286746,0.5833068,61.408020588503874
0.5,1,2,3,6,-2.3248534,0.23739915,61.70835701756904
0.6666666666666666,1,2,2,6,-6.7234807,-0.8683076,61.9931455281429
0.0,0,1,3,6,-6.571236,-0.99856997,62.30481440814649
0.0,0,1,3,7,1.86035,1.5119252,62.596257022300335
0.0,0,1,3,5,-1.7871644,1.4530349,62.885849816729895
0.0,0,1,3,8,-4.491463,-0.185282,63.221804965190614
0.6666666666666666,1,2,2,3,-1.5493945,0.6095659,63.47142093902983
1.0,2,2,2,4,-1.092254,0.6059548,63.754248436231514
0.0,0,1,3,6,-6.2024937,-0.81320345,63.96625900130111
0.0,0,1,3,8,-11.206889,-1.6941518,64.57171289142045
0.0,0,1,3,10,-10.992042,-1.8269745,64.66166017385898
1.6,4,4,2,3,-2.6677198,-0.18812592,64.93718340368886
0.6666666666666666,1,2,2,8,-4.6418624,-0.01058126,65.23534587658864
0.6666666666666666,1,2,2,6,1.1786627,1.9991627,65.52704714689212
1.0,2,2,2,2,-0.47388232,1.1111763,65.75172095742018
0.0,0,1,3,4,0.8160355,1.6086733,66.12134488462182
0.6666666666666666,1,2,2,3,-5.660471,-0.5295329,66.40475166318598
0.0,0,1,3,5,2.4820228,1.5760158,66.70565784064675
1.3333333333333333,2,3,1,4,-9.624313,-1.5395287,66.94655498156337
0.0,0,1,3,6,-4.3991694,0.16879733,67.2504267103179
0.0,0,1,2,4,-2.5781574,0.6868386,67.54467831262309
0.6666666666666666,1,2,2,3,-2.5984871,1.0504836,67.86917861659808
0.6666666666666666,1,2,2,3,-2.1016443,1.1955105,68.17156890475455
0.6666666666666666,1,2,2,2,-1.0565567,0.5289023,68.46701553760442
0.0,0,1,2,3,0.1990698,1.7767761,68.7335672450982
1.3333333333333333,2,3,1,2,-0.30845153,1.1362629,69.02418196914626
0.6666666666666666,1,2,2,3,0.55066884,1.6247903,69.35818779270573
0.0,0,1,2,3,-4.789153,0.1377321,69.63778729064528
0.6666666666666666,1,2,2,2,3.7696776,2.6611207,69.94680205565952
0.6666666666666666,1,2,2,3,-3.700826,0.30430052,70.09305151484573
0.0,0,1,2,6,-11.483254,-1.6216962,70.48539354716948
1.0,1,2,1,4,-5.703132,-0.448697,70.84088034177137
0.0,0,1,2,4,-2.5824528,1.2117147,71.07785402961623
0.6666666666666666,1,2,2,2,-2.828191,0.19961692,71.23346482877804
0.0,0,1,2,4,-5.1897373,-0.17342027,71.73570312926603
0.0,0,1,2,6,-2.9150813,0.87536204,71.9333197145282
0.0,0,1,2,8,-1.5703865,1.2866986,72.233891415193
0.0,0,1,2,8,1.6733431,2.5163672,72.57224571565222
1.0,1,2,1,1,2.551065,2.8187892,72.84452227295053
0.0,0,1,2,2,-2.3452084,1.3766531,73.14445993780492
0.0,0,1,2,6,-5.2235312,-0.093819454,73.43655041169222
0.0,0,1,2,6,-7.275273,-0.37158665,73.70421799359052
0.0,0,1,2,5,1.5371032,2.3210123,73.99924628408934
0.0,0,1,2,6,-0.08831195,1.8311323,74.29274802619528
0.0,0,1,2,6,-8.809182,-1.2559898,74.59645276839129
1.3333333333333333,2,3,1,1,-4.9772205,-0.010361849,74.83363669905732
0.0,0,1,2,4,-0.45341974,1.5014315,75.18345327901973
0.6666666666666666,1,2,2,4,-4.523539,-0.23642348,75.44904488163786
0.0,0,1,2,5,-3.4260178,0.9921602,75.75134630821776
0.0,0,1,2,5,-1.449229,1.4658254,76.04322504806348
0.0,0,1,2,4,-1.1563283,1.7339011,76.40943257346555
0.0,0,1,2,4,-2.0469282,0.5434721,76.62294920781554
0.0,0,1,2,4,-0.17224212,1.9531009,76.8995861773299
0.0,0,1,2,3,-2.0875192,1.3251325,77.33824671111962
0.0,0,1,2,4,0.21050519,2.0231006,77.52585355844647
0.0,0,1,2,4,-3.5533605,0.68904656,77.69699170571242
0.0,0,1,2,4,-3.615425,0.8628335,78.04501690408534
0.0,0,1,2,6,-9.3776,-1.0596312,78.46780013834294
0.0,0,1,2,3,-3.2228377,0.842349,78.63676923276229
0.0,0,1,2,3,-9.785392,-1.326778,79.21625986563805
0.0,0,1,2,3,0.41580144,2.4409614,79.52103632392787
0.0,0,1,2,2,-4.313518,0.39726156,79.95410095372658
1.0,1,2,1,2,-7.4140058,-0.7696707,80.1304191339198
0.0,0,1,2,4,3.1995206,2.910865,80.36883381527352
1.0,1,2,1,4,-7.478559,-0.94630015,80.52214359267153
0.0,0,1,2,4,-3.4217455,0.67126656,81.0426937894348
0.0,0,1,2,4,1.5814941,2.7349343,82.75033561175667
1.0,1,2,1,4,-6.0770106,-0.53594124,82.93627649620625
1.0,1,2,1,2,1.6625932,2.8377995,83.30321149734058
1.0,1,2,1,4,-2.5269384,1.2166523,83.70486274531241
1.0,1,2,1,2,-3.235508,0.7224769,84.04630944447644
1.0,1,2,1,2,5.6600575,4.1274543,85.9598838586675
1.0,1,2,1,2,2.878897,2.3895266,86.26796314760317
0.0,0,1,2,2,-2.3350463,1.1408637,86.77420703581771
1.0,1,2,1,2,-4.723111,-0.15716246,86.92620754061937
1.0,1,2,1,1,-2.2353804,1.1264498,87.1599510578398
1.0,1,2,1,1,0.99733627,2.3671653,87.43872431057233
0.0,0,1,1,4,-5.437939,0.098068334,90.87158483582225
0.0,0,1,1,4,-5.437939,0.098068334,90.87158483582226
0.0,0,1,1,4,-5.080933,0.052180808,91.12143506559345
0.0,0,1,1,2,-5.5062966,0.40158308,91.47907662482079
0.0,0,1,1,4,-2.7140493,1.5036908,91.89707954190538
0.0,0,1,1,1,-5.268192,0.637293,93.77753077532569
0.0,0,1,1,2,-2.882748,1.4559345,93.90641628134426
0.0,0,1,1,4,-4.815919,0.34819096,94.07365519565255
0.0,0,1,1,4,0.6568805,2.5446231,94.74249932762974
0.0,0,1,1,4,0.6568805,2.5446231,94.74249932762976
0.0,0,1,1,4,1.6979578,2.883142,94.86087957467866
0.0,0,1,1,4,-7.4418826,-0.6618296,96.35228857796518
0.0,0,1,1,4,-5.638007,0.594859,97.21617638447665
0.0,0,1,1,2,-3.1115017,1.156576,97.49886909448304
0.0,0,1,1,2,-1.6014304,1.798331,97.83437989437923
0.0,0,1,1,2,-5.5965705,0.28831547,97.86503636948285
0.0,0,1,1,1,-1.091832,1.683025,98.65245685832548
0.0,0,1,1,1,-1.091832,1.683025,98.6524568583255
0.0,0,0,0,0,-2.4815502,1.9653305,157.07577051605483
